qid,query
318,How does Quora look to a moderator
378,How do I refuse to chose between different things to do in my life
379,Did Ben Affleck shine more than Christian Bale as Batman
399,What are the effects of demonitization of 500 and 1000 rupees notes on real estate sector
420,Why creativity is important
540,How can I get free gems in Clash of Clans
548,How do you feel when someone upvotes your answer on Quora
609,What are the best thriller movie in Hollywood
744,What should someone do to overcome anxiety
784,Why should one hate Shahrukh Khan
858,What would Hillary Clinton do now that the election is over
975,What are the best ways to prepare for software interviews
1079,How do I become a good computer science engineer
1088,What does it feel like to be beautiful
1164,Do Trump voters care that he has reneged all his campaign promises
1166,Can I learn while sleeping If so how
1248,Is there any other website similar to Quora
1350,What are some interesting facts about Bengaluru
1453,I am 22 my weight is 46 kg and my height is 54 ft What should I do to gain height and weight
1578,What is the Gülen movement
1803,How can I get followers and comments on my blog
1956,How do I get job in Google or Microsoft
1992,Can we map the surface and the subsurface of a planet using cosmic rays or very high frequency gamma rays with ground based telescopes
2004,What would cause an AMP to cut out How do you fix it
2145,Where can I get free books
2254,Who were the Aztec
2429,How can impress a girl who hate me
2615,Kindly tell me whole process of admission at vits Vellore for biotechi m a bio student in 12I dont have math there
2658,What is the benefit to Quora
2661,What is so special about Rolls Royce cars that they are only given to respected personalities
2678,Who are some famous people with low IQs
2757,Who created the GOD
2785,Are there any other republicans here who voted for Hillary Clinton
2791,What has been your most embarrassing moment in front of a stranger
2822,How do I get rid of mosquitoes bites quickly
2824,Did Tywin sleep with Shae out of pure spite
3017,In the world we are second largest country in terms of population but we win only very few medals in the Olympics Why
3076,What causes nuclear reactions in the Sun
3322,How will work and jobs change in the next 1020 years
3459,What websites do you use everyday
3521,How do I deal with my embarrassment
3581,Is death by hanging painful
3594,Which are the best honeymoon locations in Kerala for summer honeymoon trip to Kerala
3612,What should I expect in a Software Engineer interview at Google and how should I prepare
3796,What is the difference between transgender man and transgender woman
3959,How can I find a job in Mumbai
4105,How can I get rid of cellulite on my stomach
4298,Do you think chatbots are really the new apps
4356,How do we live
4584,How can ask questions using photos
4874,How much equity should I get as CTOcofounder
4974,Is the lowest sum rule still used in naming organic compounds
5040,How and where did feudalism develop
5162,What happens when you die in a dream
5319,Should I watch Game of Thrones before I read the books
5498,What can India do to support the people suffering from civilian war in Syria
5516,Which is your favorite ice cream brand Which flavor and why
5647,What can be substituted for butter
5799,What if humans were nocturnal
5851,How do you remove epoxy paint from a concrete surface
6021,How do I get cash off a credit card without the card
6022,How do you get cash back from a credit card
6055,Whats your secret to success
6209,Who was the most powerful king in the history of India
6244,What is the best Grand Theft Auto
6253,How can I observe like Sherlock Holmes
6276,How do I impress the bosss boss
6483,How is it to work with Satya Nadella
6588,What is Atal Pension Yojana What are its benefits
6786,How can I become more charismatic
6936,Why do I feel alone sometimes
6957,Does hypnosis work
7105,What are the requirements of modulation
7222,What is difference between faith and belief
7301,Where does dreams come from
7319,How can I become a billionaire in mindset
7372,Is Donald Trump the 666 Antichrist
7396,Which are the best and cheapest universities in the USA for doing an MS in computer science
7463,Which microcontrollers are generally used in the robotics industry
7614,How do introverts enjoy life
7616,Which is the best programming language to learn for hacking What are some books for beginners
7822,Why do people say Dhanush South Indian actor is ugly I dont think so
7841,How do I handle fear of change
7957,What is a conjecture What are some examples
7988,How do I rid myself of my paranoia
8055,How does the LinkedIn acquisition help Microsoft achieve its mission
8306,What is Fiverr and how do they make money
8456,Is Syrio Forel a faceless man following Arya around being different people
8458,What is it like to work at a call centre
8482,Am I too heavy as a pair skater 5 ft 108 lb as of late
8808,Who is better for India Donald Trump or Hillary Clinton Why
8810,How much has your salary increased from your first job to today
8831,What is the Best way to learn Oracle HRMS
8950,What did Theodore Roosevelt mean when he said Black care never sits behind a rider whose pace is fast enough
9214,What are some baby shower games that are actually fun
9294,How does the Laravel authentication work
9312,How do I make reading a habit
9340,Why did Ecuador cut Julian Assanges Internet access
9376,Can anime exist in a parallel universemultiverse
9602,What are the trickiest questions asked in an interview
9615,Will President Obama declare martial law and remain in power if Trump is elected
9658,How does one become more strategic
9733,How important is sex in a relationship
9889,Why does phase shift take place in the output of the common emitter amplifier when compared to the input signal
9965,What is the best way to memorize notes
10024,How do I reset my Gmail password when I dont remember my recovery information
10113,Where is starch digested How is it digested
10155,How do I use Facebook in China
10188,What did you write in your admission essay for college
10453,Why do people stand I long queue to meet dadi hirudaya mohini at Brahma kumari centers Is it right to do so
10648,How can I become a CFO
10722,What does Shri Narendra Modi as a prime minister expects from the citizens or youth of India
10810,Whats the fastest tank ever to be made
10889,What are the best lyrics of Bollywood
10910,What was the worst thing to happen to you for being rude
11009,What facts about Mumbai would people not believe unless they came to Mumbai
11037,Is India better than Pakistan
11167,Will the value of Indian rupee increase after the ban of 500 and 1000 rupee notes
11221,How do I purify meth
11227,What are some problems you face everyday
11302,When  how did Switzerland become so rich
11591,Is it possible to lose weight without doing exercise
11726,What is the most famous country
11733,Why do some white people hate nonwhite people
11864,Muslims whats your thought on Maajid Nawaz
11904,Have you seen this Trump vs Clinton debate clip
12087,How can I enjoy my own company
12135,How have you simplified your life
12154,Which is the best font for logo design
12508,Where can I get best qualities outdoor tiles in Sydney
12584,What is the greatest mystery in earth
12703,What should a guy do when in the middle of a conversation his girlfriend switches over to watching movies than talking to him
12892,Do you prefer manga over anime
13080,What are some good books for learning about electronics
13155,What are the 12 organ systems Why are they important
13202,Whats the difference between 4G and 4G LTE
13276,What should I engrave on a promise ring
13285,Why do some of my black friends hate white people
13287,Can you share any unusual experience
13380,What are some of the types of computer viruses
13449,Which is the largest black hole found to date
13493,When Hillary Clinton was asked to resign as Secretary of State what excuse did she offer for leaving
13617,How can you differentiate between a democracy and a republic exactly
13691,How do you join a Human Rights Commission
13894,What is sampling in research methodology
14087,Which is best site for freelancing
14124,Which jobs have a high turnover rate
14230,How can you become an adjunct professor Will the teaching contentcurriculum be provided by the University or College What is the typical selection process that Universities follow to select an adjunct professor
14233,What is the creepiest song you have ever heard Why
14275,How do I learn Spanish as soon as possible What is the best way to learn
14554,Which language is the best for web development
14555,What has been the economic impact from Brexit referendum so far
14642,What percentage of men have had sex with a man
14903,What are restricted stock units What are some examples
15000,What is the speed of electricity and why
15040,What do Americans think of cricket
15213,Why isnt Election Day a national holiday
15275,While traveling from US to India which Airlines allow maximum luggage for an economical class traveler
15315,What is your review of Suicide Squad
15367,What are the best answers for Why you want to leave your current company
15582,I want to share my feelings as I can find no one to share with Im in deep depression Will you listen
15785,What is the ideal reading speed
15889,My period is 10 days late Am I pregnant
15963,Why did the Bantu migration occur
16093,Why do some people cry when they get angry
16278,How can I be more attractive to women
16500,How do I answer the question who am I
16728,What are the most underrated things in life
16939,Loopholes of the new policy to withdraw 500 and 1000 currency notes
17081,What does it mean when a girl say she needs space to better herself
17087,Are we too dependent on computers
17121,What are the best SEO techniques for offpage SEO
17132,Can I increase my height at the age of 17
17212,How do I astral travel
17222,What are some cool assasin names Why
17249,How can we communicate effectively with our chlidren
17268,Which is the best government job in India and why
17847,Why would you stop using Quora
18001,How can I treat purple spots on my tongue
18029,How do I get better at developing a new skill
18094,Who would win in a fight Goku or the Hulk
18291,How do I become a good friend
18315,How can I find a job in China
18491,Why do Indians think a lot about what others think
18571,How can you stop falling in love
18859,Whey is the sky blue
19017,What is the best book for electrical machines
19112,What can natrully change your eye color
19143,Where does the New Testament support the concept of tithing
19300,What Android version will come after Lollipop
19373,Is there anyway to hide the public activity on GitHub What is its use
19550,If darkvacuum energy is created with expansion and it has no limit could infinite energy be created then
19580,Why are dimples hot on girls
19710,Why should someone buy an iPhone
19733,What would happen if Trump doesnt concede to Clinton Why is this issue all over the news right now
19946,How do I avoid someone without them noticing
20074,How do you stop a puppy from barking all night
20214,Who is Jordan
20424,How do clouds float
20605,Are human beings naturally monogamous
20698,What is your review of the Wonder Woman trailer released at ComicCon 2016
20758,How can I use a bike in a different state without changing the registration number
20824,Who would win in a fight Captain America or Batman
20896,Web development What is your programming language and why you chose that to make your life better
20949,How does it feel when a person has sex for the very first time
21033,How does recession match with gross domestic product
21122,Would you consider teaching as a full time job
21210,What is backlink in seo
21309,Is there any age relaxation for a police personnel who wants to appear for the CAPF AC exam
21339,Is there something that can travel faster than light
21529,Is it possible that Russia and the US will fight a proxy war in Syria
21581,Why do some people enjoy a quick sniff of gasoline
21634,What is data science
21724,What was the GlassSteagall Act
21769,Who has the most followers on Twitter
21858,How do I build self esteem
21867,Whats the best Tor Browser app for iOS
22006,Which are 10 best novels one should must read before die
22067,Why is Sion station called Sheev in Hindi and Marathi
22259,How can I get my lost iPhone IMEI number back
22344,Which is the best coaching institute for CAT in Delhi
22401,What is the average salary of a web designer in India
22434,Which is better for the robotics enthusiast Arduino or Raspberry Pi
22465,How do I clean my lungs
22869,What is the fastest way to find my account number of Chase
22934,What are some of the basic minerals found in Nigeria
23042,What is the meaning of corporate company
23097,What are power dynamics
23141,What is currency chest
23294,How many diciples did Jesus have
23430,Why do white girls date black guys
23725,Why cant creationism and theory of evolution coexist
23833,What some things you would like to fix in high school public education
23968,What is the best way to prepare for the GRE in 45 days to score above 315
24119,What have you learned during your internship
24162,Im still a college student in information security In order to work in those large IT firms like Google Oracle and Facebook what programming language do I need to know
24263,How can you fix a leaking garbage disposal
24264,What do you want from life
24611,How do I make a distinction between adult film stars porn stars and prostitutes
24746,Should President Obama Pardon Hillary Clinton Before the Election
24940,What are facts about the local train in Mumbai
24962,Who would win in a fight between Batman and The Flash How and why
25001,What type of movies do you like to watch
25004,What is the algorithm used for random number generation
25046,Do pro sports teams pay for families to travel with them
25174,What are the pros and con of choosing to become a doctor
25239,Where can I meet Aussies in Toronto Canada
25463,What are the home remedies to prevent hair loss
25636,What should be banned in India
25740,Is caffeine unhealthy
25778,How do I prepare for the KVPY SX
25930,What can I do to be a good friend
25953,What is the function of DNA ligase in DNA replication
26021,My girlfriend just left me without a reasonhow do i heal my broken heart
26122,Can someone help me solve this highschool math problem
26354,Which is your favourite painting and why
26478,How do I invest in a share market
26488,What are some mindblowing science home tricks that most people dont know about
26492,What can we learn from Donald Trumps win
26504,What are some hilarious WhatsApp conversations
26542,What thrust should be develop to lift 200 kg of weight
26567,How can I tell my mom that I dont believe in god
26711,What is the legislative branch responsible for What is the publication of the legislative branch
26746,Has Ancient Persia been scientifically tested
26799,What are the powers and responsibilites of an IAS officer
26885,Hows everyone doing
27109,How can I start getting involved in politics
27118,What is a remainder
27247,I am a fair skinned girl why are my pubes dark in colour
27290,How can you improve the fine motor skills in preschoolers
27335,Why do so many countries hate Israel
27452,What is the Land Acquisition Act
27518,Whats the future of photography in India
27531,How do turnaround time and response time differ
27558,How US presidential election takes place
27637,What is EDM
27666,What are some of the best wallpapers ever
27727,How can I see my very first written answer on Quora
28040,What can I learn in 2 minutes that will be useful for the rest of my life
28072,What were the highlights of PM Modis speech on New Years Eve 2017 and what are your views about it 
28094,Where is the best place to retire in the US
28543,Are their any dispute in the answer key of neet 2 given by cbse
28564,What are the 5 elements of nature
28580,Why is the orbit of Pluto tilted relatively to the other planets
28695,Why are some people more intelligent than others
28765,Which part of spider plant bears bud
28807,How do you unlock an iPod when you forgot the password
28866,What are the mathematics prerequisites for understanding Machine Learning
28877,Is it possible to create synthetic gold
28919,How do we predict the weather
28954,What does per se mean
29011,What are the funniest photos you have ever seen
29090,How widespread was election fraud in the 2016 democratic presidential primaries
29097,What are some ways to prepare for the 10 board exams
29155,What is the best kissing technique
29394,Does the Black Knight satellite actually exist
29598,Can I use Jio SIM in 3G
29637,Why is the iPhone 6s so expensive
29725,What is the rarest colour
29878,What could be considered the best advice that could change your life
29985,What role does money play in life
30113,Can I build a custom gaming PC without internal wires
30423,Which is the best book to learn Python 3x
30465,Which is the best Smartphone under INR 15000 
30500,How can I earn passive income while still in school
30569,Is it bad to want to become very rich
30614,What would happen if terrorists seized the White House
30715,How can I get my wife to perform oral sex on me
30789,Why am I so hesitant to talk to a woman I like now
30989,What do you think about the cause and effect in celebrities scandals
31414,What makes a girl fall in love with a guy
31421,What national anthems do not have lyrics
31554,Is Quora biased towards the Democratic Party
31568,What is your review of La La Land 2016 movie
31585,Who do you think is the most overrated Indian author
31623,Which programming languages can I use for developing just a simple website
31629,What are the eating habits of an octopus
31907,Is the formation of water endothermic or exothermic
31959,What are the best romantic songs in English
32000,At what age does breasts stop grow
32053,Why did the huns invade China
32143,Smartphones Are there any Moto G2 generation call record apps
32265,Where the web movie free with English subtitles
32370,What happens to gravity when matter is converted to energy Does energy exert a gravitational field
32424,What will be the expected cutoff of IBPS clerk 2016
32459,Why do table fans rotate in the clockwise direction and ceiling fans anti clockwise Is there a technical reason
32479,Does our Moon have moons of its own
32560,What programming language is best easiest to learn first
32684,Why are these eggs simmered instead of boiled
32717,Would The Beatles have had similar success or popularity if they had stuck with Pete Best as their drummer How would their music be different
32819,How do you attract parents of preschool children online
32873,What is the meaning of rhetorical With examples
32990,Where can I get very safe work processes in Sydney for any air conditioning installation
33364,What do people think about president Obama
33665,Can we stop climate change
33835,What are the parts of the river
34043,Why does my cat lick plastic sacks
34046,When will Muslims be out of minority status in India
34049,Is Donald Trump going to be the next US President
34124,Is human DNA the same from birth to death
34156,How can you join the NCIS
34231,What does a healthy diet consist of
34233,How does a space elevator work
34312,How can we manage our failure
34323,Where and how can I express my feelings
34360,How do I make my face thinner
34768,How do you define love
34842,Whats the thought that came to your mind when you saw dead body
34858,How would you establish that the configurations of C3 C4  C5 atoms of DGlucose and DMannose are the same
35291,Would Elizabeth Warren have defeated Trump if she had been the Democratic Nominee
35408,What are some of the most profound quotessayings
35606,What are some of the best science projects
35780,Why do most people find great joy in having babies
35857,What is the Einsteins Relativity theory
35868,How can a person send a friend request when there is no common friends
35967,Why do I feel more tired after a nap
36134,How do I prepare for gate 2018 CSE
36189,What are the best electric scooters in 2016
36353,If you knew you were going to die tomorrow what would you like to finish today
36374,Is privacy a human right
36428,Does hard work always pay off
36455,How do I overcome from depression and stress
36466,Is 1 year enough to crack iit
36478,Will Donald Trump end up in some conflict of interest
36509,What real verifiable evidence is there that Jesus was crucified
36695,What does the Barnard College look for in a student
37056,What does it take to become a politician
37203,Why is New York one of the greatest cities in the world
37216,What is the most haunting experience you have ever had
37240,Where can I find Reviews of Jodat Law Group
37259,How can I increase D2 receptor density in my brain naturally
37333,Who is the most educated president in the world 
37362,What would have happened if Hitler hadnt declared war on the United States after Pearl Harbor
37425,Why cant humans ever stay perfectly still
37446,Why do the person you love the most hurt you more
37510,What is The Battle of Hogwarts
37563,How to learn MATLAB
37574,What are the top 10 programming languages to know in 2016
37825,What AP classes did you take in high school
37830,Which country is most likely to trigger WW3
38191,What is the weirdest gift you received on your birthday
38325,When babies sleep do they dream If so what do they usually dream about
38756,If I block someone on snapchat will they still see the last message I sent
38888,If you could name one book that changed your life what book would it be and why
38943,Can I improve my English
39045,What do you think of Nikki Haley
39116,What are some of the questions which has no answers
39287,How is chocolate made
39421,Is long distance running healthy
39582,What are some good ways to impress a Bengali girl
39734,What can Indians learn from the Japanese
39768,Why did Hillary blame the Benghazi attacks on a stupid youtube video
39836,How does the Greek language sound like to foreigners
39923,Is there any hockey club in Raipur Chhattisgarh
39930,What contributed to the rise of fascism
40003,Is Christopher Langan the smartest person in the world
40014,Will multiculturalism ever work
40126,Are men visual creatures
40129,How can I watch Rio Olympics Online Live
40276,Can I become a millionaire heading into 2017 selling on Amazon or is it getting to saturated
40289,What major misconceptions do US liberals have about US conservatives
40363,How do I earn more by investing in share market
40450,How can I legally download free music on my iPod
40530,How can one control mood swings
40639,How can we avoid human verification in 8 ball pool hack
40673,How is the picture of our Milky Way galaxy taken from the outside if we are inside the galaxy
40926,What is the best things to do in free time
41027,What is the worst advice anyone has ever given to you
41056,What was the hardest question you have ever answered
41068,What is quantum computing
41085,Can wires like HDMI get spoiled if I put them outside the house in a cold weather like 0 or 1
41390,Why are some Europeans getting involved with ISIS Are they denouncing their faith to join them
41583,Why did you choose marketing as your subject
41742,How can I find my nationality
41798,Who will win the 2015 NBA Finals
41863,How can I get very rich
41877,Why are iPhones costly
41958,What is it like to get into Harvard
42001,How do concave and convex mirrors differ
42073,Are there any airports with heated runways
42223,What is Rons patronus
42248,What is the best voice recording software
42361,What is the nature and scope of diplomacy
42399,Which promocodes are used to get cashbacks on freecharge
42647,How do I apply for scholarship
42691,How much does it cost to build a website in India
42759,Do you believe in supernatural powers spirits ghosts
42777,What can I do after my computer science engineering
42972,Is success the best revenge
43188,What is the best way to get rid of a sore throat
43199,Will Narendra Modi become PM after the 2019 general elections
43213,Whats the best way to port an iPhone app to Android
43234,How do I make myself more productive and happy
43287,How do I overcome existential depression
43295,Whats the definition of beauty for you
43347,Will lime water help in reducing weight
43614,How can I become the Prime Minister of India
43694,What is the salary after clearing upsc exam
43703,Which is the best way to improve football skills
43722,Why cant I enjoy sex with my boyfriend
43827,Which is the best film industry in India and why
44233,How does the universe evolved
44276,How can one become part of the 1
44282,What is the last thing you would like to do before you die
44381,What are pros and cons of wind turbines
44542,What are some good ideas for making YouTube videos
44573,How can i earn money through blogging in India
44588,What should I do to find a good life partner
44623,What causes sleep paralysis
44657,How do Visa and Mastercard make money
44815,How can you attract more bees with honey
44894,What is your favourite recipe for French Macarons
44911,What can I do with this iPad
45055,Is Barack Obama the secondbest president in US History
45076,Why is chocolate addictive
45085,Do I stand a chance to get in to Stanford for an MS in CS
45100,When do various bones stop growing
45114,How do I handle my schizophrenic brother
45622,How do you know your sexual orientation
45731,What are some of the best Korean horror movies
45754,Is there any lack in the architecture of the Meenakshi Temple Tamil Nadu
45781,How should I promote my ecommerce website
45793,What are the best ways to improve your body language
45953,How does wifi work in airplanes
45961,What are the best smartphones to buy under 15k in india
45962,How do I unlock my laptop keyboard
46029,What is the Milky way
46190,Are PhDs overrated
46530,How do I get started with selling online
46644,How can I be a private detective in India
46768,What is the meaning of surreal
46970,Is US democracy broken Should the Constitution be scrapped What aspects of the political system should be retained and what reforms are needed
47026,What are the top hospitals in India
47055,Which bicycle is best for India
47075,What EHREMR is best for public health departments
47076,How is fried ice cream made
47183,Why do humans love to not eat humans
47210,How can I develop a positive attitude
47270,How do I restore faith in humanity
47336,What should I do when date of birth different in birth certificate and other all education certificate same dob how can I apply for fresh passport
47432,When and how will inhuman atrocities on dalits stop in India by the so called upper castes
47509,Why should I visit India
47572,What are some of the best books on behavioral economics
47650,Was the first crush in your life something you had or something someone had on you
47953,Which one is better to buy Xbox or PlayStation and why
48311,What are some cool bicycle accessories
48446,What is a micro stay
48790,How can I get a job in one month
48982,How can I treat knee muscle twitches
49160,How can I hack a bank account
49289,How can I install WhatsApp on PC without using Bluestack
49305,Why does my husband hide his conversationdiscussion with his family from me
49358,What if the Dirty War in Argentina never happpened
49483,Is love real or just a perfect illusion
49497,What is the best way to meet new friends
49679,How harmful could it be if my dog ate a toad
49755,What is the reason behind banning of 500 and 1000 notes in India
50021,What are some common examples of renewable resources
50106,What does wiki leaks have on Hillary Clinton
50184,How many calories do I need have in one day
50687,Whats the best and quickest easy way to find a job
50811,How can you cancel you Amazon prime free trial
50832,Which is better CA or MBA
50861,What do you do if your dog is vomiting yellow bile and not eating
50885,Since the human brain is basically a biochemical machine is it possible that scientists could create a robot that is self aware conscious
50936,Why does clock show 1010 in comercials
50987,Which is the best institute for SSC CGL preparation in Delhi
51082,Does infinity exist in nature
51227,What are the books required to prepare for IAS
51244,What is the daily limit to answer questions on Quora
51282,Can humans ever attain biological immortality If so when
51318,What are some good websites to learn data structures and algorithms
51329,What are my chances of acceptance to an Ivy League school
51425,How can I become confident 
51539,Whats the best way to fly business class cheaply
51649,What is it like to lose your virginity before puberty
51722,Why has flipkart acquired Jabong although it already has Myntra
51756,Where do I buy bitcoin
51765,How do I prepare for GMAT Exam within 4 months
51769,How can i get rid of lower back pain
51777,Gun control prevents crime
51819,Whats the business model of OLX
52011,What was your most interesting moment in your life
52055,Where is Sir Arthur Conan Doyles house Is it open to tourists
52161,What is hypnosis And how it can be done
52365,What is the best way to cure asthma
52457,Which is the best Indian movie according to nonIndians
52508,What is the mind mapping
52578,Can magnetic field deflect static charges
52603,Does masturbating cause acne or even pimples
52609,How can I earn money without doing anything
52718,Can I change the battery of my phone with high capacity one
52842,How do I manage time efficiently so I can get the maximum output from my studies as Im in school
52865,When should I start preparing for CAT 2019
52971,How do I know if someone is a pedophile
53057,How can I increase memory power
53082,Does PhenQ weight loss pills work
53123,How can I live in the US without a student visa
53154,What are the best educational games for kids to play
53277,How can you tell if someone is gay
53306,What does it mean when my girlfriend asks for a break
53487,What city is Gotham
53843,How does Flipkart make profits
53941,How can a man convert his black money into white after 8th of November 2016
53989,What celebrity death hit you the hardest
54025,What Are The Best Photographs of X What is the most powerful photo you have ever seen
54086,What does it feel like for a woman to have sex with a man with a large penis
54214,What would happen if everyone suddenly just went vegetarian
54256,How do you know when you should break up with someone
54297,Is there infinite energy in zero point energy and infinite virtual particles in vacuum energy Is this a real or just a mathematical thing
54476,What are some good examples of the circuit breaker design pattern in use
54629,Which American restaurant chains can be found in Norway What do Norwegian people think of them C 
54660,Why is the currency value of Kuwait so high
54707,Am I the only Indian who is not interested in cricket
54793,What is the best gift I can get for my best friend for his birthday
54802,What are the programming language required for a chemical engineer
54826,How would you improve Google
54893,What were the coolest things youve automated
54919,What is the best book about digital marketing
54946,Why is Pakistan not accepting that any surgical strikes happened
55167,When can we expect rbi assistant 2016 notification
55221,What is the reason behind the recent fall in oil prices
55265,Is the United States a terrorist state
55573,How can I start an acting career
55610,What if the United Kingdom and India went to war
55626,What is the best place to travel
55764,How does fire survive inside the human body
55894,If a police officer wrongly arrested someone based on false testimony could the department be sued
56142,How do I write white papers
56193,How good is Yale Universitys computer science department
56372,What are the best PDF to Word converters
56403,How do I get a job in VLSI companies
56487,How are monster balls paintballs made How are they used
56603,How much does bariatric surgery cost in India
56641,What are the differences between Brazilian jiu jitsu and Muay Thai
56749,What does it mean when my husband reads face book articles and looks at pictures of online models all the time
56818,Is it safe to eat moldy bread if I toast it
56853,Can I drink green tea at night
56895,What are all the different types of visas
57074,What is the smartest thing anyone has ever done
57080,Was the financial crisis of 2008 caused by the banks
57170,Who is the worst person in the world
57386,How can we eliminate handshaking
57532,How can I learn Python programming quickly and effectively
57615,Physics Is area a scalar or vector quantity
57617,How do I buy a bitcoin
57636,What causes clinical depression
57811,Which Ivy League College has the best computer science program
57881,Are intelligent people more likely to be alone
58345,What are some of the most common examples of imperative sentences
58351,What is fungus
58499,Taxes in India Can I download a soft copy of my PAN card
59208,Is the speed of electricity a synonym for the speed of light
59395,What is a good natural stimulant
59551,How do programmers improve their logic in coding
59623,How well does Photoshop run on Mac OS X 109 Mavericks
59635,How do I start a startup business if we have an idea
59711,What are the questions that remain unanswered
59751,Do angels really exist
59992,What is the enlightenment
60000,What are good ways to overcome dyslexia
60247,How difficult is it to get into IIT
60594,Which is the best laptop for a computer science student with in the cost of 35000Rupees
60810,What can I do if my roommate snores
60821,Why do some people on Quora feel the need to write small books instead of simple answers
60935,What are the movies in the Hannibal movie series from first to last
61024,Can you take a helicopter to the Mount Everest summit
61187,What is this years DU cut off
61197,How reservation affecting future of india is it increasing brain drain
61256,What are some amazing facts related to pharmaceutical field
61351,How do I improve the power of expression
61570,Are there any places you can download full music albums legally for free
61657,Where can I get cheap but decent quality clothes for men in New Delhi Is Sarojini Nagar a good place for this
61699,Why can so many people believe without question that the Earth is round but not that it might indeed be flat
61705,How much can I spend on rent in Manhattan
61748,What will happen if Big Bang occurred once again
61794,What are the top MBA colleges in the world
61965,What are obligate aerobes What are some examples
61971,Why study MBA abroad
62142,How do I satisfy sexual desire without masturbation or sex
62371,What are the advantages of being a woman
62411,How does a total beginner start to learn machine learning
62535,Which is the hardest programming language
62546,How long does it take to learn how to develop an Android app
62575,What made you end your long distance relationship
62644,Whats it like to work at amazon
62737,What do nonAmericans think of trumps victory
62766,What are some good books to read of all time
62787,What are some examples of good manga names
62806,Why are there evil people
62888,What happens if you dont drink water
62994,If I unfriend someone on Snapchat can they still see saved messages that they saved
63127,How can I train a dog perfectly
63249,What does it feel like to love someone you cant be with
63274,What limits the power of the legislative branch have
63434,How do you calculate your net worth
63436,How do I fall asleep on Christmas Eve
63644,How do I lose muscle in my legs
63898,What is meant by asexual reproduction
63946,Do animals or birds get bore
63957,How will you get corporations to pay their fair share of taxes
64018,How do I get rid of head lice
64112,What countries did France colonize
64118,How much time will it take for my beneficiary to receive the money through NEFT
64131,What is it like to live in Egypt today
64387,What is best free one page theme for WordPress
64609,What is the best Android app for learning Android programming
64653,How can you get over an adultery
65000,What should the rest of the world learn from India
65312,Whats your way to handle stress
65751,Can I still Download from Torrents
65781,How can I fit into the German lifestyle
65861,Who is the biggest traitor in the history of Australia
65932,What came first Jainism or Hinduism
65966,What is an explanation of the Big Bang theory
66040,Who caused the Cold War
66240,Does meditation help against anxiety
66571,Which is the best book for self studying cost accounting and financial management for IPCC
66779,What is it like to work for RBI
66935,What are some Healthy requirements to obtain Credit card
67128,Is Starbucks overrated in india
67167,What should one do to get motivated and stay motivated
67248,How can I become more passionate about something
67330,Which are the European countries
67351,How can an individual learn about linguistics
67367,Whats your favourite question
67371,What are some of the more well known contributions of Mother Teresa
67570,What is your favorite English movie and why is it your favorite
67575,Which movies have undeserved low ratings on IMDb
67600,Why i cant get angry
67629,What are the lessons we can learn from vikings tv series
67680,What is it like to use Snapchat Spectacles
67785,Would you please recommend a good horror movie
67853,Which board should I take up after my 10th
67972,What are the best gaming laptops
68010,How do I get good at competitive coding at CodeGroundin
68059,Which TV series is similar to House MD
68117,What is Hillary Clintons stance on the H1B programme
68201,What are some good jokes for Facebook
68223,What are your best customer service tips
68283,What kind of work experience is required prior to pursuing an MBA in the USA or other countries
68293,How do I get more productive while studying
68332,Which is the best coaching in Ahmedabad ICE or the GATE Academy
68385,Who was the worst CEO of all time
68394,How should I prepare for the amazon internship written test and interview
68465,When is the abstract method required in Java
68466,When do you really need to create an abstract class
68480,What are some of the best custom software development companies
68513,What are some ways to increase my Quora credits
68538,Are there some games to improve my memory
68785,How do I worship death
68858,How do you teach a child to stop lying
68973,How should I start a career on ethical hacking
69005,Who are the best fashion photographers
69019,What is the difference between cream and paste
69031,How long should it take to learn French
69051,Are you happy with what you are
69198,What were the real reasons behind the dissolution of the USSR
69278,Do the Rothschilds rule the world
69351,How does car power steering works
69462,Where can I find a dirt bike suspension specialist in Arizona
69471,How do I build a PC
69547,Do Coding Bootcamps work
69725,How do I know if someone blocked me on imo
69758,What stretching exercises can I do to relieve severe lower back pain
69844,What is an identifier
70000,What are the job prospects after completing the course of Masters in Applied Computer Science from Dalhousie University Halifax in Canada
70047,What are your favorite science fiction short stories
70058,How do you stop missing someone
70141,How do you remove spray paint from plastic
70142,Can the us be invaded
70158,How is like to work in ONGC
70231,What is GTA V online
70296,Which is the best service electrolux air conditioner repair center in hyderabad
70305,How do I make interest towards studies
70340,What is the weather in Orlando like in June
70382,How do social network sites make money
70387,How can I get good marks on my exam
70457,What is the strongest spider web
70627,What is the best phone under Rs13000 In 2016
70887,Why is there a minimum age limit to vote but no maximum age limit
70945,What is the best supplement to use if I need more energy
71044,How can I invest Rs 1 lakh to get 10000 monthly
71146,Does USPS provide boxes If not why
71225,What are the best web development projects
71256,What does it feel like to be possessed
71332,How can I upgrade my iPhone 6s to iPhone 7 in India
71364,Does Hillary Clinton have any serious health issues
71500,Why is depression a disease
71622,Why do good people suffer more in life
71661,What are the best websites for language exchange
71813,What is hard disk
71838,I want to know people checking on my WhatsApp profile
71863,What are some sites where college students can earn cash or free shopping and gift vouchers just working in spare time
71960,How I study smarter not harder
72282,What are the skills to require a job
72472,How do I start my own printing press company of novels
72653,What does it feel like to have a sibling much younger than you
72780,What causes a dry throat and a runny nose How should it be treated
72796,What is boba tea
73087,Which is the best Quora or Stack Overflow Why What if both combinally provide services
73096,If the spot round is not held by JoSAA 2016 and there are some vacant seats available in some institutes can I request the institute to admit me
73111,What is the best way to isolate a malware virus from a laptop
73192,How do you know if you are spiritually enlightened
73193,Who is the founder of Christianity
73200,How do I excel at programming
73415,How do I perfectly pitch the start up idea
73459,What are the new features included in iPhone 7
73553,How energy was created at first
73566,What should be the preparation strategy for civil services exams
73724,What does Jimmy Wales think about the relatively widespread belief that Wikipedia is an unreliable source
73874,Where can I get best pasta in Bangalore 
73880,What is the best way to prepare for GK for AIIMS
73926,How were the pyramids in ancient Egypt built
74000,What is the best Online Development bootcamp
74003,How does tire pressure monitoring system TPMS work
74021,Has anyone actually tried putting garlic based oil for hearing loss
74165,When designing a mobile app what screen size and resolution should I create my designs
74274,How do I remove the vocals from any song
74306,What are the major outcome of Paris agreement on climate change
74449,Whay is the good software of editing
74574,How do WordPress and Blogger compare as blogging platforms
74661,What should I do to move to the USA
74705,What time is it best to exercise
74959,How do I browse Quora
74980,What was the first living organism on Earth Where did it come from
74982,Air standard cycles
75001,Who was the first person in the world
75084,How long does it take to digest food to elimination
75118,What was McCarthyism
75134,How do you define happiness Why
75201,What is the center of gravity of an object How is the gravity of an object measured
75299,Which is the Best country to migrate from India and start a new life
75347,Is incontinence so serious
75410,Im afraid of failure What should I do to overcome this
75458,What are some good apps to learn programming
75639,Which is the best institute for product designing
75699,What is a list of all currently active Quora Knowledge Prizes
75799,Is 16 too old to start boxing
75889,Why do people believe that we are equal if we are not
75989,What would happen if we run out of helium
76049,Were there forum sites before net neutrality
76178,Has LinkedIn helped you get a job If so do you have any tips
76279,Why cant the US and Russia just be friends
76349,Is there any possibility to improve my readingskills
76365,Do you have any valuable advice for teenagers
76575,Why am I still single
76607,What is the best way to learn to play piano
76636,Which is the easiest thing to do in life
76900,What does your roof warranty actually cover
76950,What is the importance of The Dreaming in Aboriginal culture
77014,How do deaf people learn how to talk
77236,What are the best places to visit this summer vacation
77255,How should one ask for an internship
77592,Can we see in the past
77600,What are Ukrainians current opinions on Boris Yeltsin
77706,Do colors affect mood
77733,Is popular Quora user Balaji Viswanathan a Modi bhakt
77768,How important is the size of your penis to woman
77922,What are best books for SSC CGL
78619,How do I calculate sgpa to cgpa in wbut
78702,Is there any website to get hourly solar radiation and temperature in under developing coutry
78705,Why do all the planets rotate on the same plane
78856,How do I get online dataentry jobs
78942,What is it like to work in Japan
79118,How do you fix a hole in drywall
79152,What are the best things to do when we are alone
79160,Why do we close our eyes when we kiss
79207,Why is uplink frequency higher than downlink frequency
79301,What is the best thing you done on internet
79417,What are the best institutes in india for rural management studies
79425,What is drowning in debt
79489,Where are zener diode used
79545,What is brexit
79615,What are the best places to visit in Iran
79690,Was Obama right to abstain from the UN vote on settlements
80143,How do I get rid of superstition like unlucky number
80303,I have to buy a smartphone within Rs14000 of budget Which phone should I buy
80310,What are some of the best or worst instances of sledging in cricket
80429,What are examples of a computer software
80450,What are the requirements for rebar detailing in UK
80673,Does central universities in India have caste reservation quota for students for home state students only
80779,Why do I always get a notification from Quora that my questions need improvement
80799,Can science prove or disprove the existence of God
80802,Which laptop is best for accountants
80943,In evolutionary terms why is the male of the species generally bigger than the female when it comes to mammals
80993,How many nuclear weapons are missing
80996,What are the best study methods for high schoolers
81032,Does TopCoder allow users to see the codes of practice problems in the TopCoder ML wall
81052,Why India isnt getting a permanent seat in UNSC
81166,What happens when a wife is older than a husband
81233,What do historians do
81269,What are some of the best phones gadgets
81347,Ladies do you prefer basketball guys or soccer guys
81413,What is the best treatment for acne scars
81449,What are some thriller movies that keep you ins seat edge throughout its running time
81548,What are the funniest answers on Quora
81566,What is a ciliated epithelial cell What is its function
81912,What is it like to work in different parts of the world
82057,How does one prepare to climb Mt Everest
82172,How do I become a great project manager
82176,What does it feel like to get shot in the head
82238,What is the minimum percentage requirement in graduation for SSC CGL
82314,How music help flowers to grow more
82442,Where did atheists get their moral code in the first place
82454,What is the expected cutoff for ssc CGL 2016
82586,How English will be improved
82726,What is R programming
82739,Job Offers Can I reject an offer which I have accepted before
82900,What is the best way to sync an iPhone to a MacBook Pro
82920,How do I keep friendship forever
82945,What are the best books for GMAT for all sections
83008,Sometimes I dream about a future event and then it happens to me in real life Why so
83102,Can anyone help me to crack pte
83158,Can I use a 4 ohms amplifier for 8 ohms speakers
83395,What is the best way to release stress
83408,What are some interesting quotes
83469,How does the green screen work
83502,How does orange juice help a sore throat
83529,Which language to choose between German and French
83779,Where can I get subtitles for the 2 States movie
83819,How do prokaryotes cells and eukaryotes cells differ
83893,How do you get over somebody you cant live a day without
84077,What is that one amazing fact about yourself
84105,What is the best country to live in and why
84162,What are the GoPro cameras special advantages
84324,How do I become mentalist Is it a course or can we learn by our own
84411,Why do grades in the US usually range from A A A B B  D D and then jump to F rather than to a grade of E
84460,Will manchester united win the league this year
84637,What is green gold
84678,Which is the best PHP framework for a web developer
84839,How do I convince my wife to take bath everyday
85021,What is the omen behind itchy palms
85435,How can I make a business plan for a bakery What are the steps to follow
85594,How do I Earn from Bitcoin
85595,How do you earn bitcoins
85679,What is the right age to leave two kittens alone
85930,Is the Middle East poor
85936,How can we lead a better life
86120,How many times in a day a man can fuck the lady
86311,Who is Batmans greatest love
86364,How do I get my Gmail password without having my recovery phone number or phone
86409,What are some interesting personal Pokémon GO experiences
86497,How do the brain structures of dogs change as they age How are these structural changes different from human brains
86505,What should I read to start learning about quantum mechanics
86596,Why should God exist
86609,How would you feel if HollywoodTV studios decides to make fictional movieTV show about Asiatic Mongols rule of Eastern Europe Golden Horde
86671,Why did Colombian citizens reject the FARC peace deal
86696,What are some of the group discussion topics in interviews
86759,How are centrifugal and centripetal forces different How are they similar
86804,Does Hindi need to be made compulsary in India
86941,What things are neccessary for software testing
87068,Can we really create Dinosaurs now using mosquitoes DNA as shown in Jurassic Park
87130,What books do you challenge a 15 year old girl to read
87232,Why is the wolf which is weaker than the tiger and the lion not seen in circuses
87323,What is the plot of Neon Genesis Evangelion
87324,If Modi wants good things to be happen in India then why doesnt he pass jan lokpal bill
87486,How to keep from throwing up
87518,How do I stop my beard from growing
87557,Should I be afraid of Karma
87562,What is the difference between ego and self respect
87713,Which is the best java apiorm framework for accessing mongodb Hibernate ogm or morphia or springdata
87967,Why is the There There word used to calm somebody down
88077,Should a new viewer watch the Hobbit movies first or the Lord of the Rings movies first
88079,Should the US government pardon Edward Snowden
88100,What are some of the best engineering job consultancies in India
88226,Has anyone ever had purple eyes
88328,What does it feel like to go from physically unattractive to physically attractive
88589,How did superstar Mahesh inspire your life
88734,What are some essential facts to know for living in Delhi or the NCR
88743,What is social trade
88867,Should I still major in CS even if I dont want to be a software engineer
88876,Have you ever been raped
88888,What is the best book to learn to program
88932,How do I stop suppressing my emotions
88949,How did the ancient Egyptians build pyramids Is it possible to build them using modern methods
89017,How do you tackle feelings of jealousy when your current partner has contact with his previous partners
89063,What is transpiration Why is it necessary
89166,Why do you choose electrical engineering
89191,What was the most misleading film trailer youve ever seen
89478,What are some amazing pictures
89679,How does Quora moderate adultrelated questions
89792,How good if a MS in Civil Engineering at Rensselaer Polytechnic Institute
89793,Is it worth it to do an MBA
89887,What is a certificate of authenticity How can you get one
89937,How long does weed stay in your system
90105,What is there in civil engineering Is there a scope of civil engineering in India
90252,How come Harry can see the Thestrals after his fourth year and not before that
90558,How can I talk personally to KJyothirmai Josh
90568,How does Tim Kaine reconcile his Catholic faith with Clintons prochoice stance
90672,Are You Looking best web development company
90689,Do Kelloggs Special K protein shakes really work for weight loss
90879,How can I get sex
90950,When did the Korean war resulted What were the main causes
91078,How many days does it take a PAN card to arrive after applying
91216,Why do cats knead
91422,Can you eat guava seeds
91606,Which concepts should learn very hard to get admitted in JEE Mains or Aieee
91647,What do you know about Sri Lanka
91689,Can someone give me some good book recommendations
91839,How many days should I expect jury duty to take both being on call and sitting around in the prospective juror waiting room
91855,Which are some of the most popular questions on Quora with high number of followers
91974,Where is calculus used in the real world
92142,Do you put faith in horoscopes
92261,Is need of mechanical engineers decrease day by day
92433,How did you get involved in your first extramarital experience
92483,How exactly do you use a pastry pipe to make macarons
92494,What is it like kill someone
92496,Is cumming and squirting the same
92745,Which is the best Bschool for MBA in Navi Mumbai
92759,Indian Muslims in UK
92797,What is your idea of peace
92872,What is the blue human figure button for on right top of quora answers
93056,How do I make money online as an 18 year old college freshman
93186,Has Trump ever run for President before
93358,Do I have PTSD or am I just crazy
93408,How do artists become famous
93429,What job will I get after completing information system management
93729,How can I stop seeing answers written by a specific person
93933,Can I make US 100000 a month betting on horses
93966,What are the risk associated with using free WiFi on public spots
94015,Whats the best gift parents can give to their children
94045,What is there on the back side of a black hole
94270,How do I to write a statement of purpose
94326,What is your view on Karnataka made 100 reservation for local people
94346,Why mobile switch off on petrol pump
94519,Why is fluoride put in water
94628,How can we seduce aunties for sex
94636,What are the important topics for CAT
94645,What are symbols of American culture
94693,How much current can a 12 volt DC motor produce
94749,What type of acts justify trying someone as a war criminal
94794,What is the best gadget of 2016
94813,How do I display an image stored on my computer on an HTML page
94823,How do I delete snapchats once someone has deleted me
94873,Which microcontroller board should I purchase to start learning embedded programming
95031,Will my boyfriend cheat on me again
95043,What is the laziest thing you have done in your life
95159,What does it look like inside a spherical mirror
95209,How does one prepare for the NEST
95233,What are some risks involved when a dog eats peanut butter
95281,What are some lesser known facts about the Tamil language
95328,Is it true that only 006 of Clinton foundation donations go to direct aid
95419,What is the car in this picture
95450,What are sun rays What are they made up of
95491,How do I stop giving a fuck about what others think of me
95584,How does inflation boost the growth of the economy
95620,What are the coolest Android hacks and tricks you know
95627,How can I keep a secret
95703,What are some good penny stocks or industrys with penny stocks to start investing in
95733,Is cancer contagious
95833,How can I master in C language
95870,What is the stupidest thing you have ever done
96179,What were the political problems the Weimar Republic had to face How were they solved
96195,What are the best colleges for Electrical Engineering
96307,What is the difference between Made in India and Make in India
96437,What was the most embarrassing moment of your life
96487,Why is atheism popular in India
96820,Is Sandeep Maheshvari overrated in India
96834,What are some examples of perishable goods
96848,How is life at iit bombay
96887,How do I proceed with sentiment analysis in Python using unsupervised learning method Where I have a self learning model
96993,What are the main and most important benefits of having an insurance
97132,What are some Indian movies which every Indian must watch
97215,How can make money on Facebook
97422,Which is the best book for building Self Esteem and Confidence
97459,What are the signs of a cheating spouse
97475,What does god think about killing with drones
97687,What do reviewers consider the best Harry Potter books in rank order
97755,What are the most enjoyable books youve ever read
97844,Which is a better place to live Australia or the USA
97950,Can IQ be enhanced
98003,Is there a philosophy of philosophy
98057,How much does a residential garage door cost
98178,Between which nations will the next major war most likely be fought
98307,What are the top 30 most profitable high gross margin online B2C productsservices
98339,What are some great suggestions to gift my girlfriend for her birthday
98390,Does long distance relationship work for the youth
98411,How can I get Indian voter id through online application Whats the procedure
98746,Whats your aspiration in life
98750,How do I get an internship in Bangalore
98932,Why is Donald Trump nasty and why do people actually like him
98951,What are the hot topics in finance or economics for doing PhD research
98959,What is the best online free course to learn UX design for beginners
98964,How can I gain weight and build muscles
99066,What is the smallest four digit number which when divided by 6 leaves reminder 5 and when divided by 5 leaves reminder 3
99129,Why do I keep getting pimples on my nose
99137,How do I prepare for IEO exam
99139,Which is the best book for aptitude preparation
99246,What is a logic gate
99361,How Darwins theory of evolution is right
99404,Do you think the hype around Pokemon go is overrated
99712,What is Java bytecode How is it created
99766,Should I get Skyrim Special Edition or Battlefield 1 PS4
99779,Can Scotland and Northern Ireland join the European Union if they are still within the UK
99836,Who wrote Sherlock Holms
100055,What might be some really cool themes for college magazine
100192,What personal development blogs can you recommend
100344,What is the best content of the elearning course
100392,What is it like to do your articleship at KPMG
100734,What are the steps in the water cycle
100742,Who is the best actor in world
100802,Who is Shahrukh Khan of Hollywood
100847,Can we live without love
100883,How do I know when a girl loves me
100968,Should I buy the iPhone 7 or the iPhone 6S
100970,Do guns make Americans safer
100995,What direction are you travelling from malaga to gibralter
101061,Is it true that time stops inside a black hole
101180,What is the best way to prepare for an HR interview
101509,What should be done with the minimum wage
101611,How many root words are there in the English language
101621,How one can get a job in ISRO
101625,How much euro is printed
101707,What movie should I watch in 2017
101713,What are the steps to follow in social media marketing
101995,Why is healthcare so much more expensive in the US than the rest of the world
102059,What to do when nothing works 
102161,Would ISIS ever dare to attack Iran
102199,What is asked in TCS interview
102409,What are womens thoughts on nice guys
102487,What is social media
102566,Will Akhand Hindustan be recreated after India finally attains an Islamic majority
102605,How do I double my money
102640,Why are women treated so badly in India
102763,Why was Quora down March 31 2016
102979,What is the rate of change of acceleration
103054,Can I insert my signature at the end of my Quora answers
103069,How can I root my Android device
103148,Is there any way I can reach out to Dushka Zapata
103289,What made you start using Quora
103334,How do I have a safe sex without a condom
103365,What is the most horrible thing you have ever done
103425,Why are trees green in colour
103884,What triggered the Battle of Dunkirk
104146,How are Near and L related in Death Note
104169,How can I achieve a successful career and life
104263,Whats the best thing you learnt from Quora
104507,Whats the hardest bug youve debugged
104522,What should one do to become a public speaker
104542,Can a longdistance relationship last
104545,How do I start learning cloud computing
104582,What makes comic books worth reading
104595,What is your review of Raman Raghav 20 2016 movie
104651,What are some uses of Punnett squares
104653,Which is that one incident which made u feel God exists
104727,How can you know if someone is lying to you
104812,What do Chinese people eat for breakfast
105242,How do I delete Gmail from iPhone without deleting from server
105261,How can I take excellent care of my teeth
105386,What is mutualism in biology What are some examples
105418,How do you tie a tie
105515,What are the factors that can make your credit score drop
105592,Which chicken fast food place has the best fried chicken
105697,How do I identify true love
105725,What causes my first period to draw brown blood
105869,How I can apply for cds exam 2016
105892,How can I get rid of a very oily face
106008,How do I get over my fear of math
106236,What are some of the best books about diplomacy
106420,What is your review of Leonard Cohen
106656,How is the magnifying power of the microscope calculated
106721,How did you catch your spouse cheating
106743,What are the best places to hangout with friends in delhi
106820,How is the Linnaean system of classification used
106862,What do I do to improve my life everyday
107106,Film Direction What are some tips for a first time film director
107113,Whats Marc Bodnick going to do after Quora
107156,Who will be the next ameracan president
107389,What could replace swimming tulips fashions and butterflies for a more masculine bedroom because its too girly
107457,Why would Assad bomb his own people in Aleppo
107489,What are the most fun things to do in Cancun
107606,Im planning a oneday trip with my friends near Bangalore What are the best places to visit
107646,How do I prepare for TCS IT Wiz
107701,How would you decrypt an encrypted file knowing that it is an image file without knowing the extension of the file
107770,How do you deal with a narcissistic boss
107849,Will the recent assassination of the Russian ambassador start World War 3
108130,What do plants use sunlight energy for
108179,What is it like to have autism
108269,What are the things which make you happy
108438,Why is Hush puppies so hard to find in US
108480,How do I crack UPSC CSE in the first attempt while being under any circumstances
108497,What is the difference between shield and composite volcanoes
108684,Where can I get cheap and best clothings at Bangalore
108687,What are the perks of being an IFS officer
108711,Can I male human get a dog pregnant
108734,How do you cure premature ejaculation
108738,What is the healthiest food
108822,Why are most airliners painted white
108848,Why is time slower down near heavy objects
108889,What are the best free apps to meet girls
108897,How is your life after doing Btech Mtech and MBA
108925,Where can I get a full array of colors and sizes for bridesmaids dresses in Gold Coast
109029,How do I hack social media accounts
109149,What are the things you regret not doing
109212,Where should I invest my 10000 Rs
109245,What will be the effect of banning 500 and 1000 notes on people having money in Swiss banks
109292,What is the best way to reduce my appetite
109387,Would Mark Cuban be a good US president
109572,What was the first video you watched on YouTube
109600,Can someone listen to only metal not ACDC and Led Zeppelin but heavy stuff Do you or anyone else you know listen to only metal Is it possible
109725,What is the criteria for admission in BITS Pilani
109737,Mario Lopez says he married Ali Landry after six years of dating and divorced in two weeks because he never loved her How common is it for people to be together that long get married and not love each other
109823,How do I overcome the fear of spiders
109835,How do you spend your Sunday
109838,How do you overcome a food addiction long term
109944,What are some causes of pain on the right side above the waist
109970,Can I recove my Windows 10 when I factory reset it to windows 8
109994,How can I overcome nervousness when I speaking in public
110074,Is it a sin or bad to be a Muslim
110112,Who is better Raghuram Rajan or Urjit Patel
110140,Lev Grossman Who would win in a fight between Gandalf and Dumbledore
110597,Should I join HCL
110628,What is in lithium ion batteries
110736,What is it like to work for IT companies in your country
110876,How do I know hes interested in me
111083,How can I make a cv which will impress recruiters with no work experience
111303,How do you prove if f is monotone function on an interval then f is measurable on an interval
111412,What are some good introductory resources for exploratory data analysis
111416,What is your favorite music to listen to while traveling
111579,What is the first alien species to visit Earth most likely to look like
111597,Italy What do Americans think about Italians
111827,How dangerous are poisonous animals in New Zealand
111836,Can a bound morpheme in English contain more than one syllable
111873,Is Melania Trump fit to be the US First Lady
111920,Is first class worth the money
111991,Which ad networks for mobile native ads have good fill rates in Europe
112039,Can people see what I look at on my phone
112102,Why arent there cases of Indian girls married to foreigners
112142,How can I make myself more attractive to girls
112317,What is your favorite sport and why do you like it so much
112332,What is the solution for Cauvery issue
112339,If you were guaranteed three honest answers to your three questions which questions would you choose
112353,Why is Nitish Kumar supporting demonetization
112370,What is the function of a CPU in a computer
112491,Whats your prediction for the 2020 election
112553,Why is there no kind of freedom in North Korea
112764,Can a girl remains Unaccepted of true love from a boy because of her parents even she loves him
112865,Do some data centers not have higher machine failure rates than others
112965,What are the benefits of Apple getting rid of the headphone jack
112991,What is the difference between while and do while
113186,How do I know she is into me
113257,Is it possible to lose 45 lbs in 5 months
113264,What is the most scariest experience you have ever had in your life
113310,Whats the best prepaid debit card to use
113357,How can one understand others body language
113504,Why dont we already have nuclear fusion power
113507,How do I draw bending moment and shear force diagram
113512,What should one do to get more followers on Quora
113575,What happens when a company gets delisted from the exchange and you still own shares of the company
113594,Why do you love yourself
113621,Why did Narendra Modi tell that he cannot get involved in Cauvery River Water dispute
113672,Why does the quarterback in NFL football always lift his leg before the snap
113761,How much law of attraction works
113941,How can high school students earn money
113943,What is some proof of the existence of telekinesis
114019,How do I hide a contact on whatsapp
114149,Shouldnt temperature have units of J instead of K since it measures the average kinetic energy of a body
114152,Does being unemployed disqualify a man from dating
114238,Which is  was the best day of your life and why
114310,How do I leverage groups on LinkedIn
114487,How do I use WhatsApp in PC
114496,How can I be good computer engineer
114715,Does my SSN appear on my US Passport
114924,Is it highly unlikely that the 37 faithless electors will prevent Trump from assuming office
114941,Could anyone else explain Spoj GSS1 problem by drawing a segment tree
115033,Do attractive women ever get tired of being complimented on their beauty
115059,What is the difference between router and modem
115277,What are the best movies for kids
115556,How do I prepare for the NID entrance exam
115630,What is the best way to a successful life
115755,What made Facebook better than MySpace
115797,Should I worry about my apartment catching on fire and burning down
116040,How does one deal with emotional pain
116075,How do I deal with my parents comparing me to other children
116130,How can I change my baby fat in a healthy way
116144,Is it okay for the chin to move when singing vibrato
116148,Why are girls so confused and complicated
116189,How can I learn to play guitar on my own
116201,Which are the best biotechnology colleges in south India
116288,How do you create an empire in the 21st century
116453,I mind if my wife is virgin or not Is that normal
116615,What is the best photograph of government corruption
116644,I dont have an enrollment number or an Aadhaar card number What should I do
116715,What is the cost for a CT scan in Coimbatore
116932,How can I make money from affiliate marketing
116972,What are some good lawyers in Rapid City South Dakota area
117135,How can we control German Shepherd aggressive behavior
117178,Live in relationship is better than marriage
117474,Do guys like girls who are virgins
117549,How do I go to hell
117561,How can learning Morse code help me
117563,How do I recover my Facebook account password without a recovery email or phone number
117650,What should a yellow top coder do to get job
117687,What do we know about neuroplasticity
117714,How can you explain theory of relativity to a 13year old
117719,What is the difference between the right and left side of the headphones
117803,What is this Unified Payment Interface UPI all about
118013,I hear of this phenomenon white girls dating black american men What do white girls think of black African men dating is far out of the question 
118251,Is Indian Army the Best in the World
118388,Has anyone worked for two companies at the same time
118391,What parts do I need to build a gaming PC
118417,How could I cancel my movie tickets on book my show
118518,Which is the Best Bollywood movie in 2015
118588,What is the best way to register a company in Delaware without actually living in Delaware
118677,What is ecology
118924,Do I need to acquire some sort of license in order to cover a song
118960,Should prostitution be decriminalized
118975,Is there any nude beach in India
119051,Is being an introvert wrong or bad for me
119226,How does emarketing companies such as freecharge and paytm  profit despite coupons they give out to customers for promotion 
119442,If I have someone blocked on Instagram and I accidentally like their photo do they get a notification
119451,Why do some computer programmers develop amazing software or new concepts while some are stuck with basic programming work
119548,What are the good things about Pakistan apart from the good looking female cricket fans
119583,How can businesses use Pokémon GO to generate traffic and sales
119881,How do Americans celebrate New year
119960,What is the reason for inflation
119990,What are good books on web application security
120113,What is the formula for becoming a famous YouTuber
120171,What are the Unknown facts about Parineeti Chopra
120206,How we can do guest blogging
120371,Who are some of the best web design firms in Los Angeles
120507,Why all programming languages are in english language
120605,How would be our life without internet
120782,What are the programming languages dev uses on Console games
120852,What should I do to become a hedge fund manager
120908,What is best i5 6th or i5 7th gen
120951,How can you win an argument every time
121008,Any freelancer wants to sell hisher well established profile now unused
121021,What are the best job sites to find a job in Information Technology in Switzerland
121195,How much computer science does an 8 year old US kid typically know or is taught in school curricula  
121306,If Bill Gates donates so much of his money how is he still one of the top three richest people in the world
121461,What work is done in it companies
121567,Is becoming a doctor worth it mentally and financially
121695,What should I mix Malibu Rum with
121827,Why did President Obama win the Nobel Peace Prize
121959,What is the meaning of death
121978,Why does hair turn gray
122007,Should a start a YouTube channel that reviews apps
122263,How is the SP Jain Global MBA program in terms of Quality fees placement and value
122278,What are the benefits of drinking mint green tea
122377,How do I stop my American StaffyKelpie mix from biting my stuff
122403,How do I become a hardware engineer
122461,How can bats hang upside down while they sleep
122798,How much did it cost to build typhoon lagoon
122865,How can I lose 20lbs fast
122894,What are latent functions What are examples of latent functions
122897,How can one be a good physicist
123026,What are the best books to start learning Machine Learning for beginners
123062,How does someone derive the number pi
123169,Why has the speed of Reliance Jio been degraded drastically after Jan 1 2017
123295,How do I download Pokémon GO on Android phone in India
123404,What is stockholding
123502,Which programming languages are used in the military
123660,Why did mulayam Singh Yadav expel his son Akhilesh Yadav CM of UP out of Samajvadi Party
123735,What is best mutual funds to invest
123780,Why do antibiotics cause acne
124092,How does one has to face insults
124146,Why do the British media refer to Myanmar as Burma
124163,How does it feel to be a rapist
124262,Why is Hannibal Lecter a psychologist
124381,How do I change file system Raw to Ntfs 
124400,Is a tempered glass screen protector for a phone worth it Does it really protect your phone from drops
124524,Who is the best actor in Game of Thrones
125001,What is the best music player or software for PC
125003,What is meant by rheostatic braking
125118,How do sociology and social work differ
125241,Can a man date a prostitute
125267,Who are some of the greatest mathematicians
125667,How are Hanes tshirts made
125892,How can I find app developers
125952,When was the first subway  metro built in the world
126058,What is it like to be a child of a psychopath
126086,Is Coolpad a reliable brand
126139,Is time the fourth dimension
126208,What is plasma matter
126302,What should I do about a bruise that wont go away
126461,Which is more important journey or destination
126553,What are some ways of treating a crooked smile
126758,Who is a Hypocrite
126844,What is required to construct or setup a supply chain from scratch I want to do it for marketing of vegetable produces of rural areas in WBengal
126974,How do I prepare for an AIEEE and boards together
127052,What if I dont attend the orientation day of my college I am a student of BSc Zoology Honours in Ramjas College preparing for medical entrance exam
127066,What are the most random questions asked on Quora
127102,How can I get back my focus for studying
127266,Are there any billionaires or millionaires who want to get rid of their fortunes or not
127477,Is it possible to be happy all the time
127494,How can I motivate my 6yearold child to practice piano
127512,Who is the best broadband service provider in Mysore
127520,How can I study for longer hours without falling asleep
127641,What should I do if I lost my password to my Instagram account
127662,What is the best way to overcome your phobia
127721,What does it feel to be a muscular man
127727,Which is best book for digital signal processing
127877,Why does my heart beat fast for no reason
127899,What is the scope available jobs of a psychology degree in India
128118,What are the movies that made you cry
128173,Can biting nipples stunt breast growth
128201,What would happen to Pakistan if it is declared as a terrorist state
128272,Should I disclose to my boyfriends Im a recovering sex addict who struggles daily
128289,How do I start preparing for NEET2017 from now
128304,How do you know the man really love you or not
128725,How do I prepare for GRE in 20 days
128777,What is meant by common rail direct injection in vehicle engines
129208,Which universities should I apply for
129353,What is the difference between an enterprise content management system ECM and a content management system CMS
129556,What are some rare facts about Jim Morrison
129565,How is solar energy stored
129601,Which website can I download free movies or apps apart from the torrents and apps
129954,What is the pathway to get a green card after studying a masters in the USA
129960,What is the best way to improve stamina
129985,How legit is carbon dating
130128,Who is the mastermind behind the idea of banning 500 and 1000 Rs note in India
130130,What industries are ripe for disruption
130244,How do I move out
130300,Why is Aam Aadmi Partys donation list missing from the website
130305,How can comcast become the largest internet service provider in USA in spite of their horrible customer service
130519,Why do people believe in Islam
130531,When will people be able to live on Mars
130624,What is the best way to raise children who are critical thinkers
130645,How do you know if someone blocked you on Kik
130716,When is the best time in your life to travel
130819,How can you compare transformation transduction and conjugation
130920,What all can I do to secure a job in Google I am a student pursuing diploma in electrical engineering currently
131157,What is a safe way to lose 13 pounds in one week
131178,What does it mean when a phone rings once and then goes straight to voicemail
131256,Sports The FIFA World Cup was stopped in World War 2 How come there was not a tournament in 1946
131435,Are digital profit courses real or fake
131456,How can I get back my original skin colour Its tanned
131763,What banks do open accounts online
132233,How do DNA and RNA compare
132244,What is the coolest programming language to learn
132382,How do you get a verified profile or page on Facebook
132421,What will happen to the stock market if Trump gets elected
132464,Can you mention him or her who has taken bsc drop and is in AFMC
132642,What is the most profitable business in the world
132658,Which are the best English TV shows to watch
132823,How should I prepare for the CBSE class 12 board exams
132911,Was there existence of time before big bang If so how did time originate If not how big bang occurred in no time
132924,Which phone should I buy if my budget is 12000
132931,What is Hawala And what is the Hawala scandal
132986,What is the best food to try when visiting India
133063,What is the various guidelines or norms for villages for the provisions of different infrastructure facilities
133147,Is there any good evidence or any logical argument concerning whether the universe is finite or infinite
133504,How can I get bitcoins in India
133591,I love Ted Talks In your opinion what are the top 5 best Ted Talks and why
133769,How do I get rid of these thoughts
133848,Who is the greatest rapper of all time dead or alive
133990,What is Vimeo and how do you use it
134123,What is the future of operations management in India
134187,What are the best Ninja Turtle games
134272,How Can I improve problem solving
134288,How do you remove spray paint from glass
134289,What are the best bank exam books
134426,How do I improve memory and concentration
134435,What happens if a plane must make an emergency landing and spend time in a country where the passengers would normally require a preacquired visa
134474,Where can I find good Indian food in Tokyo
134591,How would utilitarianism evaluate the banality of evil
134699,What are the heaviest metals
135120,Why is Africa so rich but so poor
135177,Why do women often send mixed signals
135199,What are the best and worst episodes of Comedy Nights with Kapil
135488,What are the the best books to read on human psychology its functioning and interesting facts related to human mind
135490,What were the reasons behind the IndianPakistani partition of British India
135517,Are Iranian Persian women attracted to East Asian men Korean JapaneseSoutheast Asian men Filipino Thai
135560,Can peace ever be attained
135578,What is the level and type of violence in Westworld
135707,How can I gain weight and develop fitness
135813,What are the best cold emails youve ever received
135844,Which is the most valuable coin of your collection
135847,Which parts of the female body are most sensitive
135869,What is the best way to cook smoked salmon
135874,How can you stop overthinking about everything
135956,What are some tips to train German Shepherdyellow Lab mix puppies
136015,Who is the most aggressive cricketer
136038,Why isnt cricket popular in the USA
136462,What are great books to learn about Astrology
136509,Is Queen Elizabeth known to be a genuinely kind person
136644,What can you tell about a person through their handwriting
136770,What type of videos on YouTube do you watch the most 
136845,How does one be humble
136942,Can the dragons beat the White Walkers
136978,How can I get an admission in LLB after graduating
137114,How do I play League of Legends
137436,Why do highly intelligent people get bored quickly
137501,Is it worth to do the Insanity workout
137589,How do I merge profiles on Quora
137599,What evidence if any is there supporting alternate  parallel universes
137670,What are the some rare photos of world history
137883,What is the difference between wine and champagne
137946,Can I establish a startup business in Germany while on a student visa
137966,How can you determine the pH value of blood
138034,What do soft skills consist of
138139,Why do some people hate to say sorry
138189,Is there any way to travel faster than light speed
138289,What do people of Pakistan think of China
138325,How to get employment history
138340,Can I use any image from googlewebsite in my blog along with mentioning the credits for the image
138469,Is it possible that the speed of light isnt in fact a constant but perhaps changes with say a correlation to the expansion of the universe
138499,What is the mechanism of acrosome reaction during fertilization
138619,How can I prevent acne
138660,What are the disadvantages of social security What are the advantages
138775,Is this the correct answer for beal conjecture
138868,Which are the most underrated movies ever
138872,Which field of engineering gives the highest salary
138900,What are the biggest problems facing Brazil
138937,What is the best bunn coffee grinder
138968,What super powers would you like to have
138995,How does one acquire parts to build a robot from scratch
139153,How much do the poker chips used in the WSOP weigh
139375,Where can I quickly sell my domain name
139389,Are parallel universes real
139474,Whats the reason for the conflict between Palestine and Israel Why do they want to kill each other
139519,What is vedic mathematics
139611,Why do men pay for sex
139751,What does kiosk application do
139836,Why do people die instantly when they get their neck broken atleast in movies
139876,How do I become less of an introvert
139902,How do I find a market for a product
139912,If you were an animal which one would you be
140437,Why has Hillary Clinton been so quiet since the election
140517,Are girls more intelligent than boys
140573,What is the best prank ever Why
140592,How many times a married couple have sex in a week
140603,Why do I talk a lot with friends on social media while have nothing to say in real world
140615,What are your favorite Twitter accounts
140644,Why is semen white in colour
140936,Whats the highest mountain in the world
141046,How do I enable an OTG support to my vivo v1 that does not have an OTG support
141057,Whats the fastest way to get tattoos removed
141448,Why do some adults like to bully others
141653,Is there any difference between faith and belief
141850,Which is the best portal for reading books online
141917,How and where should I start learning C
142014,What was Leonard Cohen like in real life
142037,If Windows becomes completely unresponsive while playing a game is it safe to force a shut down and will it affect the hardware in any way at all
142211,On the off chance that you were on death line what might you ask for your last dinner
142315,Is it possible that aliens exist
142421,How do you hide an erection
142584,What are some good one line jokes
142598,How do they convert CGPA to percentages
142669,Why do you hate Chinese
142902,Does Antarctica have oil
142973,Which is the best book for understanding Kali Linux
143195,What if Hillary Clinton hired Trump to sabotage the Republican Party but Trump now believes he can fly solo and become president
143210,Why is gravity less in the Hudson Bay area than other parts of the world
143218,How do parrots learn to talk
143311,What is the reason behind the sudden surge in the number of medals won by Great Britain at the Rio Olympics
143463,How do I become good at everything I do
143549,How is Elon Musk supposed to be an engineer
143622,How do I tune my guitar by myself
143629,Can a dog kill a wolf
143875,Would Modi dare to abolish the reservation
143955,How do you overcome a crush with strong feelings for them
144036,Is America the best country in the world
144053,What really matters in this life
144113,What are some of the best project management tools
144209,How do I invest in uber stock
144229,How is the word ameliorate used in a sentence
144423,What is the future of big data in india
144719,What is seed funding and which companies are seed funding
144754,When passing all the exams what is it like to be a chartered accountant here in India
144841,How will withdrawal of rs 500 and rs 1000 notes will affect middleman
144908,What about the job of psychiatrist
145118,Do British people like Americans accents as much as Americans seem to like British accents
145161,Is there a way to make sure youre not unintentionally reusing someone elses book idea when writing a new book
145166,What is The Legend of Korra about
145214,Is using VPN safe
145520,How do you think the US will handle the upcoming demographic shift to becoming a multi ethnic country which is no longer majority white
145579,Will I be able to return to work after wisdom teeth removal
145580,How does Sharad Pawar had become what he is today
145638,What were the major events that happened in 1922
145684,Which is the best way to convert Indian percentage into US GPA
145730,What does it feel like to be a UC Berkeley student
145918,How would you communicate with aliens
145943,How can you print an eticket by using a PNR number
146060,What do explosions look like in space
146291,Should I learn German and French
146314,What is periodic table
146407,How the world would look like without money
146485,What financial advice can retirees give a 30 year old
146532,Why do people merge unrelated questions on Quora
146656,What are some good website topics to blog about
146695,Why dont guns have fingerprint detection capabilities
146764,Can you still go to heaven if you commit suicide
146786,When confronted in Episode III how does Sidious kill 3 Jedi Masters so easily
147080,How do the safety records of Boeing aircraft and Airbus aircraft compare
147156,Is there up and down in outer space
147241,Are there animals with three legs
147377,How do I become a good programmer in C
147554,Can I use MySQL with JavaScript
147658,What is best software for speech to text
147755,What is phase 1phase and 3phase in electrical system
147763,How do I forget my first crush
147859,Which job is better a public sector or a private sector
147882,What are some surprising things about Azerbaijan
148056,How can I get wax stains out of a tablecloth
148102,Which problems should be attempted first in TopCoder by a newbie
148132,Are diamonds suitable for wealth preservation
148154,How do nonprofits make money to specifically pay and give raises to employees
148502,Why do you believe in ghosts and the supernatural
148553,Was Bill Clinton cooler president than Obama
148589,How can I pursue law after bcom
148594,Is Quora addiction unhealthy
148676,How do I improve my general knowledge
148814,Why are bananas bent
148896,What is the best online course for learning programming
148994,How does Google Maps know about traffic details
149151,What is muscle memory
149224,What is your experience as a STSC candidate in India
149256,Does Donald Trump discriminate against Asians
149292,What are the differences between bar codes and qr code
149342,What is the importance of the forest and wildlife conservation
149376,Is increasing height after the age of 20 possible
149651,What can India and Indians do to attract more international tourists
149689,What are most intelligent people today
150013,Which is the best mobile to buy
150050,If a long time vegetarian eats meat for the first time will they get ill because they do not have the right gut bacteria
150204,What are some of Dushka Zapatas favorite songs
150230,Which event turned your life around
150244,Why is China supporting Pakistan terrorism
150291,What is lobotomy
150360,Do people dream during comas
150399,Which one is the better online shopping site for buying smartphone
150670,What are the best books to prepare for the OCPJP certification exam
150794,How do you update a Samsung Galaxy S Advance to Jelly Bean in India
150859,Why do so many people hate their jobs
150898,Why do some people hate Rajdeep Sardesai
151071,What is the best way to earn pocket money for a college student online
151775,Difference between big data  Hadoop
152144,How has being on Quora changed you
152423,Is a rice cooker the same as a slow cooker Why or why not
152437,What should a high schooler do in preparation for medical school
152460,Can I flush cat litter in a common toilet Why or why not
152779,What should I do if I am going to start a coding club in my college
152792,What is the best way to learn number theory for amateurs
152805,What would happen if a very powerful Solar Flare or CME hit the Earth
152836,What are some small but hot topics for mechanical engineering for PPT
152887,What are some mind blowing vehicles gadgets
152920,How can I tell the difference between a two way window mirror and a real mirror
152971,What is the best online training for freshers
153016,What are some important things that are missing on Quora
153258,What were Alexanders biggest accomplishments
153743,Is the UK a declining economy
153799,Is Dubai really a place to settle in
154103,I am studying in class 12 PCM can some one give information about engineering entrance exams for year 2017 other JEE
154114,Is it worth living in Vienna
154210,What is George Carlins best rant
154288,What are the countries that support India for a permanent seat in the UN
154394,What are some useful blogs for computer science engineering student
154475,Why do we have legislative council in india
154576,What is the best university
154887,What are bands similar to Pink Floyd
155026,Can you suggest some excellent documentaries on World War 2
155082,What would the world look like without religion
155089,How do people improve confidence in public speaking
155494,Why Delhi is a union territory
155724,What are the best coaching classes for IAS preparation in Pune
155768,What are the best side dishes to serve with filet mignon
155795,How much iron atoms would it take for the sun go nova
156061,What are some sentence examples using precedent
156075,Do parallel lines intersect at infinity infinity in any field of math
156091,How are the middle schools in minneapolis mn
156170,Can you make a living off of web design alone
156296,What would happen if a gamma ray burst hit our sun
156303,Which is the best cosmetic brand in India
156361,Which is your favorite element and why
156751,How could South Vietnam America have won the Vietnam War
156765,Why did Modi government exempt political parties from tax on deposits of old 500 and 1000 rupees notes Is he succumbing to pressure
156802,What are the physical tests  requirements for becoming a pilot in India
156918,Which is the most widely used file system
157302,Is India the most culturally and ethnically diverse nation on planet
157454,What is the meaning of energy
157482,Whats the best way to sell art
157743,How do I know Im not wasting time
157922,What should I know to learn JDBC
157987,Which are the worst medical colleges in India
158008,What are some examples of mythological allusions
158042,How do humans have allergies
158045,What cultural value does the Asian elephant have in China and how does this benefit their conservation
158284,What is contract law
158369,Why do a lot of elevators have mirrors on the interior
158372,Who are your favorite intellectuals
158397,Is scientific calculation allowed in NSEP
158432,If a Twitter user has been inactive for over 6 months can I get their username
158487,How do I prepare for my class 10th board exams with two months left
158506,Why do we need to take care of elderly people
158582,Why was the Makar Sankranti kite festival created
158626,Which serial killers were addicted to drugs and which crimes have they done while they were
159081,How do you get into the movie business and industry
159159,What is your favorite NonFiction book 
159358,How do I deal with a friend stealer
159443,Who was the coolest person
159480,What does the S in iPhone 4S 5s 6s mean
159496,Why is it that south East Asian actresses are not very sexy
159595,If the black hole was to replace the sun and take the mid orbital of the planets would it suck the Earth
159715,How do I participate in a buyback offer
159806,How to become a good listener
159971,What are the best papers on recurrent neural networks
160135,Is India is an ally of Israel
160178,What do you think is something that is super important and people dont know about
160278,What is your favorite thing to do
160295,What are some good and basic projects of signals and systems using MATLAB
160380,How can I promote my questions on Quora
160444,What is the expected cutoff of NTSE stage 1 up 2017
160720,How can I motivate myself to wake up early
160894,What is the best way to see activeinactive projects in Jira as well as team workload
160960,Why do I care about peoples opinions of me so much
160986,How do I practice gratitude daily
161292,Why men are wearing underwear
161306,If sun suddenly disappeared then we will know after 8 minutes but in what time earth will go in straight line
161343,Why do I feel detached from my emotion
161612,What is the concept of God according to Judaism
161651,How do I protect single phasing of a 3 phase motor
162052,If a person is born blind what do they see in their dreams
162174,How do you know if you cat loves you
162204,What is the worst thing you have done without regretting
162253,How does Google earn money
162310,What are the things that made India happy
162328,How can I download any series without using torrent
162575,Is it possible to score above 70 by studying only in last 2 months for BSc examination
162648,Will there be any problem if I root my Android device
162669,Should I leave my job and prepare for CAT
162691,Who do you think is the funniest YouTuber
162907,What are some of the most closely guarded secrets
162919,Can we possibly have particles with negative mass
163078,What can I do to gain more attention on Quora
163181,Did Donald Trump just advocate gun violence against Hillary Clinton
163186,I want to suicide what should I do
163379,How can I know who follows me on Quora
163399,Is intelligence hereditary or environmental
163464,How do I shave my pubic hair
163589,Why should I learn phrasal verbs
163688,Why are there no lightnings during a snowstorm
163732,From where I should start learning JavaScript
164025,How do you charge a laptop without a charger
164056,What are some examples of fiction
164105,What are some examples of software packages
164215,Why is Greece considered the birthplace of Western civilization What cultural aspects did Greece develop that made Greece different from Middle East
164263,What are the best books for JEE
164292,How do I grow an audience on my new blog
164423,What is processor affinity
164439,Which is the best mind game ever played
164735,What does it mean when a guy calls you bad
164872,How do I clean off an old knife blade
164879,What do the Tropic of Capricorn and the Tropic of Cancer represent
165147,How can light be reflected if it is made up of photons that are mass less
165422,What mathematical problems cant be solved with mathematics
165614,How do Pokémon die
165631,Can drinking too much coffee actually make you more tired
165689,Who really shot John F Kennedy
165745,Who won in The Battle of the Five Armies
165755,Can I pursue a B Com h regular with CA
165847,Which books and magazines should an MBA student read
166113,What is the economic impact of increasing the minimum wage
166161,How would I directly record the sound from my headphones
166185,What are my chances of being accepted to the Phillips Exeter Academy
166194,What is the scariest story you have ever heard
166350,Where can I find Commercial painters in Brisbane
166416,If you were staying over at a friends house for several nights would it be rude to invite your friends over without asking your hosts
166504,Why should I store beer cans in my fridge
167132,How old is The Rolling Stones
167177,What are some epic Tattoo stories
167265,What bothers you the most about yourself
167370,How many users are use Quora
167476,Who would win in a fight Marvel or DC
167532,If length of transmission line is double then inductance will be
167564,How do people get so much of leisure time to write such novelsize long answers here on Quora
167590,How can you convert an internalcombustionpowered car into an electricpowered car
167882,Does Donald Trump really write his own tweets
167927,How do I paint with acrylic
167929,Why is Washington DC not a state
168184,How do I decorate a bedroom with a 2007 theme
168204,Why does the lollipop stick have a hole in it
168294,What are the differences between conduction and convection What are their similarities
168313,Why did Mike Pence replace Chris Christie as the representative in charge of the Trump transition team
168515,What are black holes How are they formed
168623,What were the major contributions of the political leaders during WW1 and how are the compared to the ones during the Balkan Wars
168731,What is your first selfie in 2017 like
168838,How reliable are DCT transmissions
168901,Why density of ice is less than water
169073,How do I convince a lady to have sex with me
169075,Is there a coworking space that is exclusively meant for fashion designers
169114,I feel like a loser what should I do
169194,If Trump were elected would he pardon Edward Snowden
169322,What is the defining skill that Elon Musk possesses that has led to his success in so many industries
169495,What are the most noteworthy or useful capabilities of Amazon Echo
169620,Can Pakistans GDP hit 1 trillion by 2030
169739,Why would a small business need a mobile application
169779,What is a forum
169907,Do you often like to sing
169965,What is the best financial investment youve ever made
170074,Why are birth rates dropping in developed countries
170094,Whats the population of the usa
170164,What is the difference between Clustering and Classification in Machine Learning
170210,Whats the best way to dispose of a body
170356,Whats a good book on corporate finance
170421,Is RT a reliable news source
170600,If North Korea declared war against the USA who would help them
170605,Can I really earn from Clickbank
170641,How do I flirt with a guy online
170968,Whats a movie that youd be embarrassed to admit you love
171067,Which is the best top loading washing automatic machine in India
171085,What is the Tet Offensive Why was it important
171165,How do people fall in love and what are the indicators
171273,Can a guy hit a girl if she hit him first
171311,Does Quora have a plan for dealing with links in answers or questions that become invalid over time 
171394,What is the difference between slip ring and commutator
171476,Which are some of the top startups in India
171528,Get rid of Yellow eyes after jaundice
171547,What is the best way to respond when someone wishes you a happy birthday and asks for a party
171762,Have you ever met an alien
172086,How are prokaryotic and eukaryotic cells different
172099,How much would one credit be worth in the Star Wars universe if it could be exchanged for US Dollars
172513,What makes us alive How do we die
172772,What previous Star Wars films do you recommend seeing before watching Rogue One
172876,What was the funniest story you have heard
172879,Whats the difference between CR2032 and CR2016 batteries
172958,Why do people yawn when someone yawns in front
173152,Could you suggest to me the best romantic book
173244,Which are the best episodes in Naruto and Naruto Shippuden
173386,What are some things I should know if I want to live in Italy
173604,What is it like to rob a bank
173616,What does MS Dhonis decision to step down as the Captain mean for the Indian Cricket Team
173708,How do I extend my shoulders
173710,How is the mass of an electron determined
173764,What are the coldest countries in the world
173799,What is the difference between UX and UI designer and web designer
174024,What do you think will be the next big thing in India
174085,What do you do if youre in desperate need of money
174388,Whats the worst software bug youve ever seen
174457,How do Burmese and Siamese cats look like
174503,How does a electronic recycling business make money
174527,How is the total equivalent resistance of a circuit determined
174803,What does it really mean to stop existing and start living
174842,What is the Barnum effect What are some examples
174895,How do I make my own diodes and transistors at home
174901,What is the difference between managerial accounting and cost accounting
174922,Will Hurricane Matthew impact the 2016 presidential election
175250,What are peoples impressions of Peter Thiels speech at the RNC
175288,Do you have a secret hunch as to how you will die
175421,How can I improve my music
175641,How was the PostIt Note invented
175678,Is there any scope for a first year NIT student to take admission in better NIT through better rank of JEE MAIN 2017
175702,Why do most people in the world have better impressions on Pakistan than India or at least why do some people in Pakistan at least think like that
175838,What is your favorite fragrance
175874,What is the most expensive phone in the world
175971,What is a ping
176151,Is Magical Girl anime genre underrated in America
176203,What are the best free streaming sites for F1 races
176239,How do I go to Canada by investing in bonds
176358,Are Muslims oppressed in India
176377,What is the best way to make eggs benedict
176384,Why do some parents believe hitting a child should be considered discipline
176388,Is it possible to be happy but depressed at the same time
176656,How do I promote a blog for free
176732,Is it possible to recover deleted YouTube videos
176774,Which Nintendo DS game is the best
176840,Which is the best hourpart of your day and why
176990,Is there any other device to control power factor other than capacitor banks
177130,Is there anywhere you can build a house without permission
177281,Would anyone allow their wife to be fucked by another man
177310,Is there an Unbreakable encryption method
177404,If you were not you then who you would be
177675,How can I make myself appear offline on facebook
177774,Should I learn PHP or Ruby
177826,How can one practice meditation at home
177905,What Language should I learn first Spanish Russian or French
177969,What are the qualities of a good project manager
177991,Why cant India set up many sea water desalination plants to solve water problems
178060,Can I dynamically declare an array in C
178113,Which are the best universities in Germany for a Masters in Finance
178197,What are the best fiction books you would suggest
178253,What is the difference between the law of segregation and independent assortment
178466,Why is air a poor conductor of heat
178516,How do you stay energetic
178604,What is the future of recruitment
178612,What are some tricks to stop feeling lonely
178731,Why is Paris the city of love
178875,Why is it important to protect a species from extinction
178918,Have you ever been caught by someone while masturbating
178945,Why arent white Americans called European Americans
178989,What does the rest of the world think about America in other words how is America perceived in other countries
179065,Whats your definition of emotional abuse
179173,What is this MNC 857 or 863 or 874
179184,Is Kapil Sharma the best comedian in India at present
179241,How do I get on YouTube at school when it is blocked
179584,What is the best professional 360 camera
179657,Why do women fake orgasms
179713,Is it very difficult to crack IAS
179728,What is the difference between regression and correlation
179756,From where to download episode2 season 3 of The Flash
179867,Why do people make fun of the anime Ponyo
179910,Why is water considered the universal solvent
180011,Why do ideas come to me so easily when I am taking a shower
180015,Do you believe in free will
180021,How can people still believe in God after all the arguments that are against it
180072,Why do people kiss at midnight on New Years Eve
180154,I am in college first year How to prepare for upsc
180209,How can I become a successful writer
180254,How does it feel to be a pastor
180310,How do I use libraries
180364,Should parents hit their children
180372,Would you vote for Trump or Sanders and why
180786,Who are the top 5 Quorans Jake Williams Is my favorite
180818,How do I get more downloads on my android games
180825,Why was Jorah Mormont exiled from his own house
181072,Now that Donald won the election how will this affect the admission of international students into undergraduate and graduate programs in the US
181107,Can anyone give me suggestion and tips for internship in company for 2nd year CSE student
181113,How do I find jobs abroad Any websites
181128,How do I prepare for the UGC NET geography
181141,How do you cook frozen tilapia fillets
181175,Does my college major matter
181194,Who are some people every geek must follow on Quora
181527,Will Roger Federer win another Grand Slam
181620,Could the US Actually be on the brink of a 2nd Civil War or is that crazy talk
181640,How did Brijmohan Agrawal start his political career
181643,How do neutron stars become black holes
181783,What is something everyone in world collectively doing wrong
181875,Are Puerto Rican men good in bed
182003,Who created human beings
182170,Can we assemble a laptop
182406,Can a F1 student visa holder become a Uber driver in USA
182452,What are the secrets of success in life
182780,What is your review of Canon EOS 60D
182792,How do I find all of my email accounts
182839,What is the best way of starting a buisness
182885,Is iPhone worth buying
182955,Which is best book for Python
183029,How do you identify and reduce barriers to communications
183062,What is the difference between French and Italian cuisine
183331,Is trump a threat to our democracy
183348,Who is the best best professor ever
183419,Can I migrate from MAIT to USIT
183548,What is a typical day for the President like
183670,How do I increase my wrist width with the help of some exercise
183675,What does scarcity mean in economics
183801,Where is the best cricket coaching academy in India
183838,What are the main Development of Chhattisgarh
183913,What is so great about Leonardo da Vinci
184266,How should I improve my JavaScript skills
184292,How should I prepare for cgl tier 3
184300,Should GOI include Bhagvad Geeta in a school curriculum in India
184314,How can I whiten my teeth
184647,If I exercise for three hours a day and stop eating and drinking will I lose much weight within 13 days
184691,Why do people care if someone is gay
185139,Whats your favorite API
185319,Does the Quran say that the Earth is flat
185418,What will happen if I fell into a black hole
185527,What is it in for the Ibibo group employees with the Makemytrip merger  Buyout
185587,Which businessstartup should I start in Nagpur which will have best chances of survival
185656,What magazine is best for current affairs
185772,Is there any way to control your anger
185800,What are the best dark chocolate brands
185991,How do you tell if you have a broken nose
186026,What elements characterize oral literature
186040,What are some problems which Indians faces when going to America
186061,Which are the specific stocks to buy in BSE or NSE for a long term with good returns
186102,What are some of your favourite poems
186103,Where can I download ScHoolboy Q Blank Face LP album zip
186270,What is spice level netlist and where do we use it in the design flow
186281,How is the hostel life of BITS Pilani
186284,How do I hack my husband devices
186333,India How can I become a Member of Parliament
186375,Are all electrons the same
186402,What are some good books on borderline personality disorder
186718,Why do some people consider Margaret Thatcher to be evil
186818,Will we see and know our family and friends in heaven
186920,What is the difference between Christians and Mormons
186966,How can I know if Im in love
187214,Can I delete WhatsApp messages that havent been sent yet
187299,Is it safe to use acrylic paint on your body
187447,What are the jobs for me after completing masters in economics
187745,Who are the over actors of Bollywood
188127,What are the good human being qualities
188303,How will the world be 100 years from now
188342,What are some of the strangest gifts people have received
188349,What are the problems that come while starting up a new restaurant
188357,How do you become the person you want to be
188500,How is the mass of the neutron determined
188505,Why do Indian girls wear shorts
188628,What are the major principles in Sikhism
188630,What does Christmas mean to you
188856,What is Michel Foucaults opinion on surveillance society
188874,How do I change my primary email on Quora
188984,What is f and o in a stock market
189010,Who is Shia
189411,Do Jains belong to the OBC category
189485,What are some examples of a partnership deed
189574,What is Retina Display Who came up with the term
189643,Did the universe really start with the Big Bang What if another universe existed before it
189648,Is it a good to visit greece now
189678,Do you believe in having New Years Resolutions
189720,What is it like to live in Istanbul Turkey
189879,Will there be any problem if both the husband and the wife are of the same blood group A
189946,What were the major contributions of the political leaders during WW1 and how are the compared to the ones during the Crimean War
190119,What are the best 3DS games currently available And what do you like about them
190320,Should Valentines Day be celebrated or not
190549,Whats after flat design
190616,Why has violent crime gone down so much in USA
190707,I suck at programming and cant get a job what should I do
190709,What are the best inspirational quotes websites
190990,How can you see iPhone emoji on an Android phone
190995,How can I make my laptop run faster
191023,Why didnt the Philippines ask UN backed courts instead of Permanent Court of Arbitration over the water territorial disputes with China
191076,How can I write a good book
191465,How is Israel different from ISIS since both have caused large amounts of civilian casualties
191481,What is the difference between debt and credit
191498,What are the products of yeast fermentation and how are they used
191593,How can I improve my English skills in communication and writing
191728,Can a black hole swallow another black hole thats nearby
191734,What is a functional region
192098,How do I stop my dog from throwing up and shaking
192215,Should we stop Chinese products in India
192292,Why is Wikipedia asking for donations all of a sudden
192379,What are the purpose of forming Isis
192471,What is a good salary to live in San Diego
192493,How do top students control procrastination
192529,Why did the Big Bang happen
192653,Which personality traits are more influenced by genes
192679,Is it safe to buy a laptoponline from Infibeam
192926,Do people always forget that a time machine is also a space machine
192943,How can I hack my phone
193056,What is the best way to deal with a boss
193126,What are some things to do for an 18th birthday
193163,What are hidden Friend Requests on Facebook How can they be found
193185,What is instantaneous velocity
193339,Could robots actually ever take over all of our jobs
193576,What is trimming an aircraft Do pilots trim their aircraft on the approach
193641,Should Asians weight train just as other races given that there is a difference in body build
193786,Is there difference between sex and gender
193790,What places in Pune should I visit
193981,What are some good ways to propose
194173,What were your impressions of Hillary Clintons acceptance speech at the DNC
194415,How do I make maths interesting for kids
194665,Can I learn C in One week
194721,What states dont charge a state income tax
194733,What is your favorite WWE super star
194855,Why do most of the actors and celebrities support Hillary Clinton instead of Donald Trump
194869,Who is Naveen Jain and is he trying to copy Elon Musk with his company moon express
194982,How many inches in one feet
195018,What is the natural way to get rid of mosquitoes
195133,What is the full form of etc
195545,Do you believe that India will become a world superpower by 2020
195614,Should I subscribe ICICI Pru life insurance IPO
195640,Does your zodiac sign really affect your personality
195841,Can a scientific law become a scientific theory
195866,What can be the loophole in C language to develop safety critical systems
196011,What do Pakistani youth think about India in general
196015,When do I move from friends to dating
196241,Is it alright to eavesdrop
196253,What is precipitation
196283,Which is the costliest city in the world to live in
196303,Why are Western people migrating to Australia
196404,How do I use Bella Serata Cream
196450,What are some startup ideas that you dont mind to share
196544,How do I convert a micro sim into a nano sim
196563,Why do so many Americans hate Donald Trump
196683,Why do some people think its impossible for white people to face racism and discrimination
196757,How do I prepare both groups of IPCC in 5 months
196811,What does the Gates Foundation invest in
196964,What evidences we can give to say that Indian national congress has a soft corner for Muslims
197291,Why has the US refused to talk with North Korea and forced North Korea to have developed atomic weapons and missile technologies
197406,What should be done to make your relationship more strong
197493,What exactly is Toastmasters I read up on it but Im still confused on what happens at the meetings
197624,Is it Math or Maths
197820,Does massaging your breasts actually increase the cup size
197876,What are the standard puzzles asked in interviews
198039,Is Quora a project of Illuminati
198138,How would the 2016 US Presidential elections have been different if Bernie Sanders was the Democratic nominee
198172,Is a Gshock watch worth buying
198448,Why are Kinder Surprise eggs illegal in the USA
198569,Have you ever worked as an escorte
198738,Why are some people cynical
198950,If you woke up one day and found that you have become invisible what is the first thing that you would do
198998,How do you make poached eggs on toast
199174,What are some important statistics concepts for data science
199638,What are the best ways to masturbate
199714,Is the big bang even possible
199808,Whats the best way to learn any language
199935,What is currently illegal that should be legal and vice versa
199967,What are the best cities in india
200028,How do I stop seeing the same question which I am not interested on my quora feed
200048,What are the biggest issues facing public education today
200258,What is the movie with the most number of sex scenes
200293,When will Australia become a republic
200305,How good of a leader is Ivanka Trump
200391,Which fully automatic washing machine is better front load or top load and why
200392,Why is the plural of moose not meese
200486,How can I deal with my toxic mother
200531,Who are the best 5 ministers in Modi cabinet
200839,When do lightning bugs come out
200860,How can I solve log base 3 of 28 without calculator
200891,Do women with breast implants breastfeed
200995,How do I create inertia on a wheel
201031,What is the best youtube channel for mechanical engineering
201039,What will happen to Indian students in the US after Donald Trumps victory Will they be harmed in some way or another
201050,How should one prepare for IIM interviews
201108,If I ask someone to kill me is it a suicide
201189,What is Googlebot
201208,How can I recover from anorexia
201219,What are some examples of totalitarian governments
201367,How did corridor digital create their stop motion videos
201663,How do I take screen shot in htc
201891,Why is India a secular state
201985,Are switchblades legal in California Why or why not
202004,What are the most mindblowing facts about the human brain
202015,How can I get job in stock market
202136,How fast can helicopters travel
202207,How can I buy an escort
202242,Does weed cause depression
202268,What are some best revenge movies
202392,What are some best places to visit in south Africa
202412,What are some tips for publishing a book Ive written
202683,What are some of the best apps to use on a rooted device
202885,Does intelligence really differ from person to person
202999,What are the best private universities to do MBA in India
203295,How can you compare and contrast affect and effect
203306,How can I save our most time
203347,What color is the number 5
203564,Why does military food taste bad
203578,Can an apology message be used to get an ex boyfriend back
203712,How do I get credit card for myself
203743,Who is the greatest con artist who ever lived
203752,Would a new report from a medical examiner be enough to win a writ of habeas corpus
203837,Are there women that are into overweight guys
203856,How do I get the most value out of an allyoucaneat buffet
203945,How do I make good vine edit
203988,What are the scopes of PharmD
204016,How does someone become a medic in the military
204128,How can I be a good writer
204154,Why is it that when a man sleeps with lots of women he is called a stud but if a woman sleeps with lots of men she is called a slut
204388,My penis is tiny should I just stop trying to have sex and die a virgin
204398,Which is best iPhone app
204405,What should I and shouldnt I do to increase my voice quality for singing
204459,Are psychiatrists a nuisance
204504,My SAT score has been invalidated Does it affect my F1 visa
204586,Is it necessary for every 3rd year student in DTU to do a tech internship
204631,If you were to design a spaceship what would it look like and why
204778,What is the most hilarious joke youve ever heard
204889,Do Chinese people believe wishing tree
204965,What are some ways of converting 15 mg to ml
204973,What are the best places to hang out in Bangalore
205035,How can I speak English like an original Englishman
205052,How do I start my car that has been sitting for 3 years
205076,How do I open a demat account
205121,What will happen if internet stopped working for a day
205138,What are the top car brands
205307,Can someone clear IASUPSC exams without any coaching
205436,What is Google not good at
205475,Have you ever visited Switzerland
205614,How do I get rid of red bugs
205673,What is some advice for highschool freshman
205706,What are the bitter truths of going to US for masters as an Indian
205726,If vampires really existed where would they live
205795,Which are the best sites to learn drawing
205930,Which broadcast journalists are known for tolerating the least amount of spin from their guests during live interviews
205966,What books should architecture students read
205974,How can I balance my personal and professional life in such a way that I will be successful
206066,Dreams and Dreaming What is the most vivid detailed or interesting dream you have ever had
206068,Can I use 4g jio in Nokia Lumia 535
206079,Can I feed my bearded dragon broccoli Why or why not
206101,What is it like to study at IIM Ahmedabad
206103,How can I get a massage therapist license in India
206162,How is it to live in Austria
206169,Do time and space become quantized at the planck scale
206209,What is the future of fast food
206220,What is the magnetization curve
206232,How should I cope up with this feeling
206248,Are jumping jacks good for burning calories
206502,How do I make one billion dollars in one year
206576,What would you do if you realise that your wife is emotionally attached to her male colleague
206696,What is the difference between axial flow compressor and centrifugal compressor
206750,What is cost of living in Bangalore
207034,How do I prepared job with UPSC exam Relevant point with examples
207102,How can peanuts cause acne
207235,How fast are greyhounds
207364,How do you know if a guy is serious about you
207489,Is time travel into the past theoretically possible If one could could travel into the past would dead people exist again
207541,What is the difference between dynamic and kinematic viscosity
207761,How do you explain the phrase still waters run deep
207838,How do you find meaning in what you do with your life
207858,Is the bad reputation of the Chinese tourists deserved
208059,Whats the point of arguing really
208295,How can I become more efficient as a CEO
208317,Do vultures only eat dead animals
208337,What are your favourite games and why
208624,How can I show my boyfriend I love him
208767,Is there anyone on Quora who cracked IBPS so IT without coaching
208948,How can I really know in which field I am interested
208951,What could cause a world war 
208957,If light is energy why doesnt it have mass
208988,What are some of the most widely believed things that are wrong
209039,Why did my period start two weeks early
209048,Is there anyway to make money while studying
209061,Can you romantically love someone without being physically attracted to them
209073,What is the quickest route from Penn Station to Times Square in New York
209096,What does Theresa May have in common with Hillary Clinton and how would the Special Relationship evolve with the two of them at the helm
209118,Why do I feel depressed
209142,Why are people afraid of success
209271,How can I deal with selfish people
209347,How many days does it take to learn to play the piano
209518,What are obligate anaerobes What are some examples
209703,What are some workouts that improve arm strength for arm wrestling
209910,What is it like marrying a foreigner
209971,What are some perks of the penumbra doctrine
210062,Should I buy a PS4 now
210233,How can I Stream torrent movies
210291,How long is alcohol detected in blood
210488,What do you do to manage food cravings
210570,What would be an astrologers interpretation of Mercury in Aries in the 9th house
210708,How can I become a Buddhist
210734,What companies in South Korea are hiring foreign computer engineers
210788,Is Gary Johnson going to be debating at the 2016 presidential debates
210956,Where do planets come from
210997,What should you do when you have so much to learn but so little time to learn
211004,Is robot a machine or a mechanism
211055,Can you share merits and demerits of MS international students in USA after election result as Hillary Clintons Green card or Trumps job offers
211356,From which year should MBBS students start preparing for USMLE
211460,Is the Maruti Suzuki Baleno a good car
211461,Will there be a civil war if Trump doesnt become president
211585,What happened to Syrian refugees Where are they now
211619,If the Big Bang did happen and created the universe How come that it did not created a super massive black hole
211763,What is the best way to enhance creativity
211904,How can I decide what I want in life
212114,How does it feel like to marry the most beautiful woman
212271,What are some unusual tips for weight loss that worked for you
212459,P is a prime and m is a positive integer How many solutions exist for the equation p6p m2m6 p1
212500,Is it worth learning PlayCanvas
212594,Why do Scottish men wear kilts
212741,How can I become a travel journalist
212747,What metrics are used to measure ROI of job boards
212833,Whats your favorite horror movie
213172,What are three of the most common diseases caused by bacteria
213252,Have you worn an unused plastic garbage trash bin bagliner as clothing
213281,What are the technical specs of a supercomputer like How are supercomputers built
213328,What books do you recommend
213397,What are some good ways to find a therapist
213437,Why are there so many questions about Jake Wiliams
213457,How can I recover my Gmail account when I dont remember the password or phone number I started it with
213477,Why is my Google Chrome so slow How do I fix it
213579,Why is my LiftMaster garage door opener not working
213663,Is cosmology a science
213874,What is the worst thing you have ever done to someone besides yourself
213958,I am 16 years old Is it too late to start learning piano
214041,Which is the best smartphone in 2016
214318,How do I track my phone with gps
214359,What are antibodies
214366,What can we can do for the world
214440,What are some examples of linking verbs
214451,What do people want to know about snowboarding goggles
214507,Does Etsy have an affiliate program
214707,How do I take notes from books
214829,Will BJP win in the 2017 UP Elections
214917,Why do some British people seem so obsessed with pointing out Yankee Doodle had a British origin
214966,Will Facebook buy Quora
215042,Was Mahavir Singh Phogat locked in store room as depicted in the movie Dangal
215388,What is the origin of saying hi as a greeting
215531,When and why did you join Quoras community
215650,Do you believe Narendra Modi was responsible for riots in Gujarat or not
215667,What are the different factors that affect climate
215847,Which are the worst countries to live in
216097,Which has more career opportunities biotechnology or biomedical science
216197,Cheap noisecancelling headphones available in India
216274,Why did God create Lucifer
216281,Why are British English and American English different
216348,What will the world be like in 20 years
216477,Whats the most embarrassing thing youve ever said in a foreign language by accident
216498,How I make myself smart in life
216557,What are some legal steps to take before starting a political online show
216560,How do I restore whatsapp data from lost phone I have taken the duplicate sim with same no but it didnt restore the data
216652,Which is the best ethical hacking institute in India
216663,How do prepaid debit cards work
216851,What is the best way to get started with Data Science
217259,What comes out of the vagina when girls have orgasm
217354,Is it a good time to invest in mutual funds now due to SENSEX falling
217387,Why do I have an account on Quora if I never signed up
217493,Which processor is good for daily use
217601,What is a amcat
217668,Who is most luckiest person
217752,What is the difference between degree of saturation and relative humidity of air
217815,Are fighter plane cockpits temperature controlled
217875,Why is my iPad Mini not charging
217884,What is fixed deposits
218070,According to scientists does God exist
218073,How can I minimize my websites bounce rate
218279,Can I get some ideas on Advertising products
218494,Which is the best book to prepare for GATE ECE
218521,How do I have sex with a stranger man
218526,Who is the most underrated singer
218557,What advice can be given for someone who wants to be a bank teller
218867,How do I increase my blog traffic by SEO
218929,How do you reset an Android phone
218999,What is the difference between Supernatural and Paranormal
219016,What is a restricted holiday
219285,How do I find my personality
219310,What is the difference between deep learning and usual machine learning
219382,What do Chartered Accountants do
219456,How do you forget someone who gave you so much to remember
219584,Who is the Best X Who is a better archer Green Arrow or Hawkeye
219605,What are the advantages and disadvantages of living in the city
219619,How does the SWIFT work
219649,Is Turkey safe given the recent bombings and protests
219849,How do I become happier with myself
220011,Why there are so many gods in Asian countries like China Japan India
220016,How do I stop being loud and talkative
220017,What are the best rainyday activities to do with children in the Bay Area
220366,What qualifications are required to work in FOX Traveller
220376,What are some traditional British foods
220455,How do I study French for 10th grade CBSE
220615,Why do some people believe voter ID is racist
220717,Whats the value of mathintpi_pi sqrt1 x2  dxmath
221345,Whats west of Westeros
221392,Is Quora degrading
221481,What Civil Liberties did President Lincoln suspend during the Civil War
221702,How are whipped and whipping cream different
221902,What is an investment thesis And is it important
221910,At what age did Ashoka become the king of Magadha empire
221942,What are some of your favorite memes
222069,Would selfreplicating robots be considered as a form of life
222167,Which do you think is worse Saying something and wishing that you hadnt or saying nothing and wishing that you had Why
222373,Are our thoughts and reactions controlled by genes In same situations different people react differently
222443,What were the ranks of medieval armies
222512,How will the universe expand forever
222643,What is the service tax rate in real estate in mumbai
222744,How are hostels in IIIT Jabalpur
222848,Is it still worth me going to university and studying Computer Science
223110,Was Richard Nixon a good president
223203,Im gonna get a new phone this ChristmasNew year Which one should I get IPhone 6s in 64GB or iPhone 7 in 32GB
223326,How do I get more views on my blog
223540,Are Vaastu and astrology superstitions or do they hold any ground
223612,Which  Are Some Best Bollywood movies
223833,How does one become good at mathematical proofs
224011,What is the best way to get rid of panty stains
224071,Why does my bone make creaking sounds
224139,How good is a career in digital marketing
224289,Should honorifics be allowed in user names on Quora
224357,What are questions investors would ask
224584,How is Jake Williamss accent
224892,How do you calculate the difference between true airspeed and ground speed
225194,For someone who is not the WordPress webpage owner is it possible to find out when the webpage was modified if someone changes the URL site in WordPress
225311,How do you know what books you need for college classes
225380,Do traditions of areas of knowledge offer correctives for ways of knowing
225515,What is the best way to avoid stress
225578,How do I eat pussy
225751,Is there any scientfic evidence for psychic ability
225798,How could you kill Wolverine
225835,How can I make my app go viral
225914,Why do people use VPN
226112,How do I always stay motivated and energized
226141,What are some characteristics of a brave person
226231,Why is poetry important in education
226234,Was there any Greek Byzantine emperor
226321,Should there be a minimum wage
226592,Is Federer unlucky that Nadal the son of the gun was born in the same era
226677,How do I quit my job
227038,Will the demonetization of 500 and 1000 legal tender enable the govt to unearth black money
227053,How do I get a transit visa for Canada if I cant send my passport to their embassy
227084,What are some good birthday gifts to mom
227085,How can I recover my deleted files from computer
227106,Is it possible to travel to the future
227297,Why are two safety valves provided to boiler
227316,Which are the best private engineering colleges in India
227354,What is the best website to learn C
227995,At what age do we stop getting taller
228027,How do automatic and manual transmissions differ
228401,Do you think theres life anywhere else in the universe
228442,Do college rankings really matter
228550,Where can I learn Japanese in Guwahati
228562,Why do I want to sleep immediately after an orgasm
228642,How do I apply for fresh passport residing away from permanent address in India
228668,What would have happened had Hitler gotten accepted into art school
228708,What is the difference between Chinese and English
229221,How is fabric softener used
229234,What is the difference between sofware and operating system
229316,Why does America support Israel
229386,Is population a boon or bane for India
229540,What are the best ways to prepare for the PSAT
229775,Who has the most subs on YouTube
230111,What mistakes did you find in the movie Dangal
230127,Why doesnt the US have a national health service like most European States
230289,What are the best institute of hotel management in India
230546,How is it to work for Elon musk
230616,Which is the best service daikin air conditioner repair center in hyderabad
230803,How do you remain positive despite all the negativity around
230866,Why do Muslims worship Allah
230893,Do investors check your credit score
230932,What is a Kegel exercise
231046,Do Muslim women feel oppressed
231098,On what site can I ask doctors questions online
231158,What is the difference between reference and bibliography
231259,How many religions in numbers are present in India
231307,What happened to Stephen Hawking
231318,Should I major in physics or engineering
231448,What should I draw for my teacher
231473,Can a sentence like My case high priority Security has to be tight be acceptable without the verb is in spoken language
231482,How do I know if I like a book or not
231497,How can a transgender woman simulate a period
231527,Is it easy to crack versant test
231688,How can I learn Digital Marketing effectively than as a short term course
231748,Does Gandalf smoke marijuana
231840,Is now a good or bad time to buysell property in London
232029,Is film school necessary or just a fairytale
232199,What are the weirdest things you have seen flight attendants done in their line of duty
232466,Is loving a crime
232646,What Are the best Bed Sheets
232728,How I can become a fitness trainer
232895,What is the basic structural  practical knowledge that every civil engineer must know after the university
232985,What would you do if you were omnipotent
233034,What are Hillary Clintons views on economic policy
233177,What are some promising non Von Neumann computing theoriesarchitecturestechnologies
233300,Should the Indian government legalize prostitution in India
233728,Why dont atheists choose a religion
234011,How can l better Christian
234121,Which is the best heist Bollywood movie
234134,Which is the best webhosting in India
234215,What are the most important tips for beginners in a share market
234338,Which politician do you admire most and why across the globe
234535,Why is it not technically feasible for a smartphone user to delink an old phone number from an application even if they dont utilize the old number
234590,Which is the best available laptop for 50000Rs
234594,Is it possible that black holes are a portal to another place in the universe
234712,Would Stannis Baratheon have made a good king
234806,What is a concrete
234998,What were the hardest incidents of your life that youve faced but had the strength fully overcome
235047,What is the salary of Narendra Modi as PM of India
235291,How do I read effectively
235635,What should be done to reduce the rape cases in India
235712,Why is Donald Trump being criticized for minimizing his taxes
235724,How does it feel when you first time join your first posting as an IAS IPS or IRS officer
235749,How can I find a job in the UK from US
235787,What is the best augmented reality SDK
235958,Is it a good idea to have many technical terms on a software resume
236169,I m unable to continue LICs Jeevan Anand Plan 149  Jeevan Saral Plan 165 What should I do 
236242,Which countries make up Eastern Europe
236402,What are some open source projects that beginners can contribute to
236561,What is the advantages as ASEAN members
236610,Who was the real Sherlock Holmes and how similar is he to the fictional character
236710,What is all the hype about around Sairat
236810,What are some of the best Chinese movies
236932,Do you have faith in humanity
236975,Was Lee Kuan Yew a dictator
237117,What are some of the best desktop backgrounds
237120,How do I reduce uric acid levels in my body
237212,What are best places in India to travel alone Alone and close to the nature
237344,How do I increase immunity towards allergies
237361,Is eating bread good for health
237409,Which insurance company in India offers the best Protection plan
237431,What are some online free sources for learning web development
237473,Is there any backup plan after failing in UPSC exam
237622,What is the biggest lie youve ever told
237654,Who would like to work from home
237867,What is friendly up to
237895,How do you prevent packages from being stolen
237962,What is considered a normal menstrual cycle
237993,I am going to attempt CPT in June 2016  Is the new syllabus applicable to me
238218,What would a truly just society look like
238305,What should I do if I have no friends
238382,What has happened to Air India
238447,What do I do We broke up I want to ring or text him but I know I shouldnt I still have feelings for  miss him immensely
238480,Which is the best time to workout morning or evening
238614,I want to learn English and in what way or step that are
238734,Which is the best website to do sex chat
238836,What is the difference between a web application and website
239311,How do one become a master manipulator
239572,Does iCloud store Safaris historydata
239613,What does it feel like to be bisexual
239882,Do British people believe that not carrying weapons for self defence produces a safer society Are you happier
239894,How unbiased is Indian judiciary
239943,What is it like to switch from a PC to a Mac
240008,Why do people love people
240097,If three coins are tossed simultaneously what is the probability of getting exatly two heads
240102,Is starving yourself good for losing weight
240170,How can the universe be infinite if it is expanding
240208,Which are the best tourism places in India
240337,What is negotiable instruments act
240426,I am tired of my life What should I do
240454,What is the best home remedy for acne
240532,Which one do you think is better Marvel or DC
240713,How do I customize my daily schedule
240726,What is PAN CARD for
240833,Is there a mathematical function that converts two numbers into one so that the two numbers can never be extracted again
241019,What is your phones best wallpaper
241021,What does it feel like to live in China
241097,Which is the best 43 inches Smart LED TV in India
241228,Are Tournaments winners in IQ option legit
241263,I want a girlfriend How can I get one
241381,Does it hurt when your penis is erect
241403,How realistic is Elon Musks plan to colonise Mars
241501,How do you use Kik Messenger on a computer without downloading the app
241563,Whats the meaning of tooling
241582,What do you think of the Surface Pro 3
241831,Would ISPs block Facebook without net neutrality
242043,How can I get good scholarships
242126,Why isnt the Indus River given much prominence in the Hindu literature as much as Ganges or Yamuna
242217,How do you help someone cope with anxiety
242224,Is Ae Dil Hai Mushkil better than Shivaay
242370,What is the best supplement or multivitamins
242427,What is your review of Kendriya Vidyalaya
242534,Should India make surgical strike video public
242566,How do I get a direction of life in my 20s
242624,What tool do you use to measure density and how is it used
242828,What is the best way to go from Budapest to Vienna
242860,Which is better for video editing and programming Mac or Windows
242864,What if discrimination did not exist
242890,Why does Microsoft love Linux
242894,What are some of the dos and donts when using public transportation in Germany
242946,Which are some of the things that irritates you in life
242966,How was your first lovemaking experience
242996,Why do I never get sick
243061,Why do men masturbate
243212,Is sleep ethical
243225,Can you drive your parents car without insurance
243261,Game of Thrones Why did Shae betray Tyrion at his trial
243287,Why is sex a taboo
243567,Are there any good emerging hard rock bands preferably young out there
243579,How can I convert decimal number to a an binary number using a logic circuit
243625,Who is the best commercial architects in pune
243657,Why doesnt Salman Khan quit films
243698,Will the US try its propaganda hard to make division between Philippine  China
244062,What language would be best to learn
244090,Can solving HackerRank help me to get a job Will recruiters contact me based on my profile
244109,What is it like to be so famous
244623,Does someone get a notification if you delete a picture you posted with them tagged in it
244636,How do I go about starting my own travel company
244765,How do I add money in Paytm Wallet
244820,What is linear integrated circuits
244856,Do you need intelligence to succeed in life
245015,Which satellite occupies the lowest earth orbit and at what altitude
245050,What is the difference between the parametric model and the nonparametric model in cad
245109,How can I prepare to level IELTS
245184,What are questions that will never be answered
245262,What is the worst possible business idea you have heard of or seen
245342,IPhone siri awesome replies
245354,What is the full form of HDFC Bank and ICICI Bank
245405,Can I ever get a free domain name
245584,State Newton s third law of motion
245603,What is the best way to get 10 CGPA in the tenth board exams
245648,What are some amazing Android hacks
245677,Will Quora remove or improve the CollapseBot
245740,How do you make money when you dont have a job
245921,How significant would the damage to our environment be if Trump was elected president
245929,How do I read the constitution of India
245942,What do you hate about group homes for autistic adults
246057,What do you think of Obamas decision to give away control of ICANN
246236,Why does Japan try hard to divide its East Asia and ASEAN in order to create war in ASEAN on behalf of the US
246238,What is the difference between web development and web design
246377,What is the normal penis length
246494,How can I learn maths online
246535,What is the probability of someone winning the lottery if there are an infinite number of contestants
246782,What India should learn from rest of the world
246862,Which is the best science magazine in India
246884,What is the best courses for an MS in Germany for a student who is a graduate in mechanical engineering
246899,What is the best website to write a blog
247071,To what is A Modest Proposal considered a parody Why
247128,Can Spanish and Italians communicates both in their own languages and understand each other 
247185,What do Bangladeshis think of India
247340,What is the best water park in Hyderabad
247604,What is the right age of using mobile phones
247660,Is it possible to add a picture to a Quora question which requires visual input
247774,How do I find a girlfriend in bangalore
247851, I am a 5 letter word  I am normally below u  If u remove my 1st letter   ull find me above u  If u remove my 1st  2nd letters  u cant see me  Answer is really very interesting  Let us see who solves this Time limit  today U can also send to other grps if I
248221,What is your review of Visiting and Travel in Kerala
248267,How did Kant prove the existence of an external reality if the phenomenal reality is necessarily limited by the way we determine it How does Kant prove that noumenal reality actually exists
248492,How do I read faster while still enjoying a book
248511,What triggered the Balkan Wars
248701,How does a pressure gauge work
248707,Why am I having a brown discharge 2 days after my last period
248833,What books I need to read for the preparation of IAS exam
248930,If time travel is possible why dont we see people from the future
248991,How do I get into Indian railway job
249008,How can we start our own business
249021,How do I prepare for SSC CGL 2017
249065,What is the best advertising model of education informative website
249119,Ive not had my period for 3 months now Last period ended on June 9th Im 22 never been sexually active What should I do
249138,What determines the learning ability of a living organism
249179,How is a Shovel a simple machine
249230,If Donald Trump were to withdraw from the US election how would this affect the entire election process
249232,Lies and Lying How can I become a better liar
249242,How many Americans will actually leave the country now that Trump is President
249429,Why do republicans call Hillary Clinton crooked Hillary What is she alleged to have done
249488,Which companies are doing reverse logistics in pharmaceutical
249695,What is this Quora best used for
249777,What is the best version of Raspberry Pi for a beginner
249803,What are the best torrent websites
249869,How do I become business analyst
249902,What are the benefits of running
249963,What will happen if Pakistan attacks India with nuclear weapons
250101,What is the best place in San Francisco to watch presidential debates
250333,What are some other ways to earn side income apart from salary a leady by home
250355,How did suited astronauts manage bodily waste while on the moon
250542,Should I smoke weed
250713,Do you consider yourself attractive Why
250724,How do I go about designing my own deep learning algorithm  framework
250976,I have heard that people make money off of re uploading porn how do you do it
251006,How do I install Prisma application on Android
251150,Why wont my iPhone 5s connect to WiFi and how can I fix this
251195,What are some examples of a wheel and an axle
251300,Why did prophet Mohammed married a six year old girl
251302,Hypothetically what action would Donald Trump make that he couldnt recover from
251381,Are there any incidents that made you believe more in God
251499,What the most mysterious photo
251577,What are the best weekend getaways around Pune
251590,Which college should I go to for civil engineering
251680,What is the best argument for genetic engineering
251856,Why is it that so many people have risked everything for Arya Stark just how important is she
251927,Who is a good employment law attorney in NYC
251958,Why do people believe in reincarnation
252105,What is the best way to start a chess game to won
252150,How did Dumbledore defeat Grindelwald if Grindelwald was in possession of the Elder Wand
252831,What is the best way to learn neural networks
252848,How do I study for first year engineering
252952,How can we walk
252988,Which is the best software for PC to download videos from any website
253164,Were humans almost wiped out around 72000 years ago
253266,What makes women unattractive
253355,What are the elements in your life that make it complicated
253394,Why USA supports Pakistan
253583,Are there major differences between programming in Android vs plain Java
253590,Can a BBA student with maths and statistics as the subjects of the course apply for Indian forest services
253596,What will the rank possibly be if one scores 985 percent in Karnataka board and gets 237 marks in Jee Mains
253784,What does Jimmy Wales think
253802,Can you take a bath after eating
253958,How can I become more fearless
254180,How do I become a Kernel developer
254188,How are the relations between India and North Korea
254236,Is there any scope in clinical psychology in India
254255,What can I do to become successful writer
254263,What are the functions of plant cells
254571,How is tap dancing and clogging different
254676,What is the types of contract
254871,Where could I get a personal loan with bad credit
254887,What is an example of an analogy
254942,What happened to radha when Krishna left vrindavan
255314,What is the best database management system
255610,How should I force myself to study
255748,Am I ever going to find my true love
255851,Why Nobel prize not awarded in mathematics
255926,Why do I miss my cheating ex
255945,Was Karl Marx a genius even if he was wrong on the big picture
255955,Is it normal to have a menstrual cycle for two weeks Why or why not
255969,Why do some owls have red eyes
256009,Shall I believe in black magics
256016,Why do the doors of bathroom stalls open inside rather than outside
256078,What is the worst thing that happened to you at school
256295,What if everything is an illusion nothing is real
256527,Why do people hate Kanye West so much
256585,Where does the term OK come from
256641,How can you gain leadership qualities
256748,Whats credit card fraud
256808,Which are the cheapest places in India to travel
256958,How can I resurface an asphalt driveway
257128,How is it possible that plants leaving the exception manage at only 003 of CO2 present in the atmosphere even though 21 is less for mammals
257164,Whats the original name of Jesus in his native language
257185,Why do humans have two hands not more or less
257198,What is the worlds largest mountain
257228,What are the advantages of learning economics
257417,How do I start coding
257428,How do I learn magic
257485,How many days do I need to learn C
257640,Which driving school is the best in Castle hill
257721,How often do seniors have sex
257775,Im first year BTech student with CSE India What are the best ways to get in any product based companies easily
257809,How can I score well in the 12th class CBSE boards
257951,What is presendial form of government
257961,What gives Tachyons the ability to have speeds higher than light
258107,Is There Any App Related To Us Elections 2016  Please Let me Know
258443,How do I earn money in India
258476,Is it random that the moon rotates at almost exactly the same rate as the Earth
258494,What are some causes for a lump on the side of my head
258508,Do protons decay
258536,What are some ways of helping control deforestation
258609,Will there be any technology in the future allowing people to live forever
258667,How can I stay focused on my school work
258740,What should I do to get a Rhodes scholarship
258759,Is Maggi really bad for health
258866,What cause the British empire to lose its countries
259110,I am physically attracted to men But I dont want to be gay What should I do
259138,Why is it illegal to sell single cigarettes This would help people cut down and quit smoking
259139,How does the water come up when we suck through the straws
259503,What cover versions of songs absolutely butcher the original
259534,How do I overcome being too mature for my age
259673,Which is your favorite Hollywood movie in top 1
259682,Which Harry Potter Hogwarts Houses would the 2016 US Presidential Candidates be sorted into
259747,Toughest interview questions are
259832,Is this sentence grammatically correct I am used to hard work
259985,Do you suspect your spouse is cheating
260089,What is the best way to grill frozen chicken
260137,Where can I meet British people in Canada
260238,I have a incurable disease My wife left me because she can have more fun without me She hung in for a while Why
260318,How are animals and plants adaptated to survive in a tropical rainforest
260551,How do you define integrity
260629,Is bond system illegal in india
260638,What is the wealthiest country in the world
260731,Which is the best novel by Robin cook
260760,What are causes of computer viruses
260989,What are common mistakes students do in IIT JEE preparation
261050,How can I stop reacting impulsively
261074,Who actually won the Yom Kippur War of October 1973
261097,How would World War Three develop if it started today
261183,Is it safe to use lemon to whiten teeth
261214,How can I make a bomb using household items
261266,What is main reason of rape in India
261498,How do I overcome the fear of being tickled
261732,Who According to youis the biggest superstar of Indian Film Industry
262073,What are some good seminar topics in civil engineering
262160,Why do we use AC signals in power distribution lines
262266,What could be the practical solution to reduce Delhis pollution
262398,How many years maximum will it take to get people on Mars
262501,What is the best way to cook methamphetamine
262629,Is it safe to buy OnePlus 3 from Flipkart How did they manage to sell it at a low price
262708,Are people from the Philippines considered Asian or Pacific Islanders
262760,What is the best open source application for LANDSAT image analysis  land classification
263214,How do you know you dont want to do a PhD
263292,What exactly is success
263293,Are love and sex are different things for boys
263500,How can you text animal pictures on an iPhone
263539,What is your opinion on life
263625,What are the direct and proxy indicators of exposure
263720,How do you know that a boy likes you
263801,How do deaf people learn to read
263956,What rank and marks are required on the GATE Exam to get a job in PSU for mechanical engineering
264097,Which is best sound editing software
264259,Are there any good reasons why a president Clinton shouldnt appoint Obama to the Supreme Court
264311,How do I find a persons Gmail ID using hisher phone number
264326,Do gravitational waves affect the flow of time
264396,Which is the best pension plan in India
264441,I found out that my 14yearold high school freshman son likes another freshman boy at his high school How should I confront him
264652,Is education really important to make money
264700,Why did the UK stay out of the Vietnam war
264820,How can I really love someone
264983,Is there any way to unblock myself on Facebook Is there an app or something
265037,Why are there so many random people following me on Twitter
265137,What are the best novels of Nicholas Sparks
265202,What is the best way to strengthen the roots of hair
265363,What is your review of Sausage Party
265367,What are some examples of homozygous dominant and homozygous recessive genes
265509,What are SEO trends for 2017
265538,Do taxi drivers want you to sit in front seat or back seat when you are the only client
265621,Who is the best ENT doctor in Hyderabad
265687,What are the changes you noticed in yourself after consistently practicing meditation over a period of time
265746,Who provide best pest control service in Sydney
265828,Why is uranium used in nuclear power plants
265937,What are the most logical movies
266143,Are nuns allowed to masturbate
266216,What are some of the most funniest photos ever taken
266308,How do I improve my blog
266389,Is there any free Android app for monitoring server specific IP and alerts you via notifcation or alarms if it goes down
266414,How do I become marketing manager
266563,How can I publish my novel without much money
266582,What are the best books on Kashmir problem
266682,Who were the greatest heroes of the Trojan War How did they became heroes
266920,Can an object ever have negative mass
267012,Why are Homo sapiens and Neanderthals considered to be separate species
267232,How did a church key get its name
267393,What skill should I learn for 12 hours a day that will help me become successful
267429,Which is the most underrated Hollywood movie ever
267471,Is white a colour
268117,How is the department of electrical engineering at RVCE
268151,Stars go supernova all the time How close to Earth could a supernova be to wipe our life away
268543,How much architects earn in India
268644,What are the main criticism and limitations of deep learning
268709,I want to have sex with a girl what can i do
268783,What are President Obamas plans for his postpresidency
268818,Is doing an MS in the US worth it
268861,Does homosexuality have anything to do with evolution
268935,Why people like dogs
269092,Why was Hulk Hogan awarded such a huge amount in the trial against Gawker
269172,Do Trump or his closest family members have personal good Muslim friends
269206,What are acidic salts What are some examples
269232,What is the worlds best special operations force
269304,In what different ways can Whoever has will be given more and they will have an abundance Whoever does not have even what they have will be taken from them be interpreted
269389,What is periodic function 
269453,How can you tell if you see the same colour as someone else
269504,Can I sell a book that is a summary of another book not authored by myself
269510,Why do many Japanese animation characters have big eyes
269519,Should I stop using Quora since it has mostly been occupied by BJP IT cell
269530,How can I apply in NASA
269546,Why should I vote for Hillary Clinton over Donald Trump
269640,How do I invest in Bitcoin
269644,How can you make duck sauce
269650,How do I get rid of a girlfriend
269789,What steps should be taken for better startup in business
269811,How much loss would Chinese companies incur if Indians stop using Chinese products
269833,What are the best productivity hacks used among siliconvalley employees
269841,How do I become popular on musically
269847,What does it mean to grow up
269921,What percentage of Spanish words are derived from Latin
270027,What is the difference between consumer and customer
270234,What is a favorite spy book or movie thriller character of Putin
270364,How much are businesses using Instagram
270373,How far have humans travelled in space
270744,What is place where games or sports are stayed
270924,How could a boy become a good friend of a girl
271031,How good is coep btech planning
271057,How do college students reduce stress levels
271209,What is the whole story about Adam and Eve
271235,How are Indian Navy MARCOS in comparison to US Navy Seal
271255,What is the difference between IMAX and IMAX 3D
271347,How can one avoid arguments
271371,How do you get out of Quora
271374,What is the best WordPress Security Plugin
271434,Whats the best way to meet Adam DAngelo
271541,What is the difference between paracetamol and acetaminophen
271640,What is the average gas mileage of the Hummer H1
271842,How do polypropylene and polyester compare and contrast
272097,What does it mean to be a conservative
272113,Are the high wages of ministers in Singapore justified
272183,What is the method of learning organic chemistry
272218,What are some great songs to workout to
272273,How do you prevent mold in crawl space under house
272291,How do I come up with a startup
272819,Can Gohan transform to Super Saiyan in mystic form
272826,What is the ultimate happiness
272849,Why was English never the official language of US
273100,What are easy ways to lose 500 calories a day
273104,What is the best solar power bank
273411,When Pokémon GO will be available for download in India on Android
273467,How do I get over my girlfriends sexual past
273511,What are the likely downstream consequences of Brexit
273554,What is continous delivery
273580,Time Travel Why is time travel impossible
273626,What kind of business will flourish in the coming times
273694,Why was Quora unavailable on 27th August 2016 by 12 pm IST
273967,What does it feel like to be extremely rich
274117,What evolutionary advantage does a beard confer on men but not women
274341,What are Narendra Modis educational qualifications
274678,Are fitness bands good
275010,What is the most popular kind of wire
275095,What if anything can be done to bring down Fox News
275107,Do clairvoyant readings work
275153,Do castebased discrimination still exist in India How Where
275239,What is filing income tax returns
275293,Where can I learn martial arts free online
275304,Does payumoney charge
275338,What is the wave function
275394,How is CGPA calculated for a semester in NIT Trichy
275533,How can I control my temper
275563,How can I insert a reverse exclamation mark in Microsoft Word
275637,If Buddhists believe there is no self then why do they believe in reincarnation
275717,Psychotherapy How do I find an individual psychotherapist
275880,Did you have a nice day
275930,Why is making multiple fake accounts on Quora illegal
276014,What is the weight difference between a similar size cold and hot rolled aluminum sheet
276020,How is schizophrenia treated
276038,Are there any negative effects of masturbation
276052,Is there any tool to generate FIFA 17 coins quickly
276135,What is a better alternative to canva
276145,How did Germany and Japan recover so efficiently from the ww2 disasters
276205,Which ecommerce platform is the best
276237,What is an Information System
276453,Which country has the right over the North and South Poles
276792,What is the best book on special relativity Wolfgang Rindlers Introduction to Special relativity or AP Frenchs Special relativity
276840,Why is Kobe Bryant nicknamed The Black Mamba
276853,What is a lymph node
277096,How do I prepare for CPT
277192,Is it ok to marry my fathers brothers daughter
277265,What is the easiest and simplest proof of the chain rule
277334,Why do people believe in heaven and hell
277343,What is the best way to locate Chinese suppliers
277480,How can the workability of concrete be increased
277491,How do I get start learning astrophysics
277539,Where can you find public companies looking for non recourse loans
277596,Which smartphone has the best speaker phone
277643,What are the most overrated movies in Hollywood
277653,Could an argument be made that privacy regulations in the European Union Germany and Austria are too tight
277679,What is a payfac
277739,What events can be conducted for an Electronics Engineering Department fest
277755,How can I become so huge that people turn their heads in public places
277877,What is so terrifying specifically about a Trump presidency
277965,What is expected from a product manegement intern at a startup
278003,What is a psychic vampire and how does he feed
278033,For people who were not born in Japan what are some reasons that you decided to live in Japan
278059,How is the FIITJEE Vashi branch
278115,How can I apply for private medical colleges of MP  I do not have MP domicile
278122,Why is the divorce rate increasing in India
278151,Which is the best coaching institute for SSC CGL preparation in South Delhi
278292,Are smart watches worth buying
278472,Which are the most haunted places in England
278487,How long was the roman empire
278496,What is Arvind Kejriwal doing nowadays
278524,What differentiates gender studies from womens studies
278607,What is Sarkus chicken teriyaki recipe
278645,What is it like to graduate from IPEC Ghaziabad
278715,How do I lose 10 pounds by walking
278787,How was gravity discovered And by whom
278852,What is the action a bank can take if you cant pay your EMI HOME loans
278876,Why does The Grim Adventures of Billy and Mandy cartoon remind me of Beelzebub anime
279179,What is your review of PlayStation VR
279237,What is the difference between falling in love with someone and being in love just only to love
279244,What are the best ways to use my time most efficiently
279246,How can I lose 5 kg in one month
279312,Would Iron Man be legal
279542,What is the advantage of using nontime delay fuse
279801,How do you learn to love yourself
279825,How can I learn more about Cars
279992,What are some ways to glue styrofoam together
280306,What are the courses after bcom
280625,What is big data What is it used for
280652,Why are reactions subjective terms
280743,Why are Muslims less open minded than people of other religions
280888,How can I start conversation with an introvert girl
281000,What is the best way remove scar on the face
281321,What is artificial intelligence What are the pros and cons
281373,What is the quantum observer effect
281399,How do you keep track of bills and expenses with your roommates
281714,What exactly is Black Lives Matters goal
281772,What is difference between a parliamentary and presidential system
281783,What would the world be like if the World Wars had never happened
281986,What are the dimensions of a magnetic field
281990,Hypothetically what could Facebook do to purposefully influence the desired outcome of the todays presidential and Congress elections
282149,Is writing a fiction tougher than writing a non fiction
282379,Are psychic readings over the phone genuine
282470,How is LinkedIn helpful
282504,Is ranch dressing bad for you
282542,How can I build my business
282616,Why isnt the United States ready for a politically experienced woman president
282801,What is the relevance of 3 AM time in paranormal activities
283226,How do I plan for GRE
283326,How is the coefficient of kinetic friction calculated
283358,How to create an app like Pokémon GO
283389,Its possible to search questions inside a topic
283399,If light does not have mass then how can it bend due to gravity How can light have momentum if mass is 0
283520,What is BJP govt or PM Modi doing against terrorism
283911,Why do you want sales
284048,What is quantum fluctuation
284270,Why do solids have a fixed shape while liquids take on the shape of their container
284451,What is the best dating sites in usa
284617,Is there anything in the bible which is antihomosexual
284625,What is your goto joke
284687,What are the benifets of eating spicy food
284697,Can you grow food inside a bunker after a nuclear war
284709,Is it possible to find back my lost android phone with the help of imei number
284713,What is military
284988,How do you find true love
285010,What are the dietary habits of a snapping turtle
285364,Whats the biggest penis size you have ever had sex with
285423,How will President Trump shut down the Iran nuclear program
285554,How often and in what quantity is water sent to the ISS
285581,How do you access free money
285919,What are the technical reasons behind Samsung phones catching fire
286098,What is the best adaptation of Pride and Prejudice on TVFilm
286175,Whats the weirdest thing you believed as a child
286289,What is the best way to be an investment banker
286408,How does Apple make so much profit on all of their products
286483,What can I do to earn 100 per day
286583,How can I extract email addresses from a list of websites
286624,How do I ask lengthy questions on Quora
286695,What are the causes of acne
286700,History of Apple Inc In iPhone advertisements why is the time always set to 942 am on the clock
286777,What will happen if you overdose on hydrocodone
287047,How do I calculate the probability of intersection between two events given only the probability of the two events separately
287051,How are Invicta watches made How can you determine how good they are
287068,What is meant by operating system
287242,What are the questions asked in IIM interview
287314,What is the best way to deal with loneliness
287365,Which CMS is better for ecommerce Magento vs Drupal Others
287675,Which OS is better Windows 7 or Windows 10
287846,Who supplies nuclear materials and technology to North Korea
287850,Will there be a civil war after Trump become president
287926,Who is or was the bravest person in the world
288117,What does the in recovery message mean on a Honeywell thermostat
288370,Why is New Years celebrated in January
288378,Why negative freedom important
288449,In snow conditions would you rather drive an all wheel drive SUV with all seasons or a small front wheel drive car with snow tires
288501,What is the fastest way to earn bitcoin
288627,What is the summary of the book The Secret by Rhonda Byrne
289011,Am I too late to start Programming at 22
289039,What is something you have tried but will never do again
289208,Is it true that after inserting Jio sim the phones get locked and any other sim will not work in that particular slot
289290,Big bang Why the Big Bang occurred
289293,What is reciprocity and what are some example of it
289402,Whats the nutritional difference between normal yogurt and Greek yogurt Which is better
289521,Whats the life on a merchant navy ship
289594,Which is better windows 10 or Windows 81
289835,Which is the best month to visit Japan
289991,How can I learn baking like a pro in Delhi
290039,What is the highest power of 9 in 99
290073,Which one is better a petrol car or a diesel car and why
290200,What qualifications do you need for a nursing job
290298,What systems use linux
290357,How many types of friction are there
290645,Why do we see a mirage in the desert
290838,What does the Clinton Foundation do
291113,What is the best penis size that women consider
291131,Which are the top 10 things in your mind
291132,Do you think laughing releases stress
291199,Why it is necessary to boil sodium extract with concentrated HNO3 before detecting halogens
291328,How many Facebook groups are there
291501,What are some examples of chordates
291800,How did you figure out what you wanted to be
291885,Was the 2010 Polish Air Force Tu154 crash that killed president Lech Kaczyński really an accident
292203,Done with my mechanical engineering now want to pursue masters in it what are the different fields in masters for mechanical engineer
292294,Why cigarettes should not be banned
292360,How do I protect my privacy online completely
292405,How is the trembling of muscles controlled
292695,When did you realize that youre old
292745,What are the 14 principles of management by Henri Fayol and what are some examples
292825,Where should I start when learning a new language
292892,Can you disprove the existence of God
293185,What is the best way to motivate yourself to work out in the morning
293226,Are there any positive benefits for peopleyouths playing Dungeons and Dragons
293691,Whats the difference between shampoo for pets and shampoo for people
293705,What is the worst feeling you have been through
293833,How do you deal with anxiety attacks
293857,Can some be arrested for verbal and emotional abuse
294091,Is there really need of 2000 notes in India
294201,Is India very dirty
294461,What is Linda Rashs official job title in Robot Dreams
294647,Should hermione match better with harry or ron
294653,What is the importance of uniform civil code in India
294922,Is Kejriwal a hypocrite
294975,Why is it so important to ask questions in a job interview
295012,Did Brahma really rape his daughter
295017,What are the best underrated books
295066,Where can I get efficient and best services for pest control in Hawkesbury
295228,How do I get dog urine odor out of my carpet
295234,In what way are nuclear weapons good
295337,Procurement jobs prospects in Saskatchewan
295494,Should a 12 year old have sex
295513,How should I get asylum
295649,How do I find connected wifi password in mobile
295747,What is the best GED 2002 series preparation course
295767,Whats the best tablet app for fashion design
295806,What is a data model
295929,What are some companies that are like Zite for the computer
295945,Can Marijuana legalization reduce suicide rates
295959,Which books should I read for soil mechanics
295968,How do you write a promissory note for school
296304,What prevents Bruce Banner Hulk from having children
296305,Are Nepalese people friendly
296392,How did Pakistan get its name
296602,What is the best medicine for sex
296772,What does Stephen Fry read What are his favorite books
296923,What are some of the biggest lies in history
297042,How often do cats come in heat
297244,Why do evangelical Christians support Donald Trump
297398,What is a database management system What are some examples in how it is used
297406,What is the best way to transfer credits from one college to another
297502,How Can I X How can I retrieve deleted Facebook messages
297596,Debbie Wasserman Schultz has been removed as DNC chair Is that enough to satisfy Bernie supporters
297599,What is the order of the Lord of the Rings movies
297671,What are the benefits of becoming an IAS officer
297683,Which is best site to download Hollywood movies with English subtitles
297712,What are the other names of Kanniyakumari
297910,How does Ripjaws eat his food underwater in Ben 10
298000,How can good bed sheets impact the quality of your sleep
298103,Is Ouija board dangerous
298141,Where do I find startups that are looking for a tech partner
298264,What is the firing order of an engine
298305,How do I get a job as astrophysicist in NASA
298331,What is the best way to promote webcam adult site
298392,Is java programming easy
298431,How does it feel leaving Christianity
298442,Who is the best female to play a teen in movies and why
298529,What word has changed the world
298683,How should I do when I have a crush on my friend
298693,What are some alternative German potato salad recipe without bacon
298788,What type of questions are asked in LIC AAO interview
298825,Data analytics vs data science vs business intelligence what are the key differencesdistinctions
298999,Who is the fastest runner in the world
299038,Would there be a difference in weight of 1 TB hard disk with full 1 TB data and a empty hard disk
299053,Why did Donald Trump run for presidency only now
299058,Whats the best book on modern sports psychology
299100,What happens if you eat a ghost pepper
299110,What is the difference between present perfect and past perfect tense
299129,Are all the holocaust witnesses Jews or Nazis
299183,What is the fastest thing is this world
299311,Is there a scientific explanation for homosexuality
299438,How do we get more intimate with God
299454,Is it possible the Democratic Primary Election was stolen from Bernie Sanders
299634,How many sexual partners should an average person have
300021,How do I get a transfer in TCS as a fresher
300112,Why are buzz cuts common in East Asia
300525,Who wins in a battle between Black Panther and Wolverine
300637,What is the Use of Google
300700,Is the universe increasing
300734,What are negative interest rates
300771,Which is currently the best IAS coaching centre in Hyderabad
300921,What are the reason why someone would jailbreak an iPhone 6
301038,How do I stop my cat from humping my furniture
301101,How should I go about learning synthetic biology
301175,What would a US vs Russia war look like
301276,What is the largest bird
301287,What are some differences between NYSE and NASDAQ
301591,What do I do about my family being homophobic
301726,What is the best virtual assistant company
301774,Do the rest of Indians hate the people from Bihar
301907,Why do large companies acquire startups and just let them die Is there value in acquisitions to eliminate competition
302012,How do you find a Belkin router password How do you setup a Belkin router password
302162,What is a TDC
302327,What is the best software for a web designer to use
302329,How can I become more intellectual
302355,How do you know when your girlfriend is lying to you
302379,How many people from iits are in the Indian entertainment industry
302397,How can we end terrorism
302861,Why is stop and frisk important
303100,What is the best IDE on Mac
303239,What element was discovered first
303259,What are some movies you regretted about not being able to watch on big screen
303367,I have 43 marks in graduation Am I eligible for any banking exam
303965,Will Brexit signal the end of the European Union
304163,How can I get rid of a canker sore on the bottom of my tongue
304226,What are some Chinese mythology monsters and creatures
304309,Is keyword ranking still important in SEO
304349,How do you forget bad memories and move on
304382,What is the cheapest way to reach sec 37 gurgaon from Malviya Nagar
304450,What is the salary of architects
304483,About what percentage of the cells in your body contain the same genome
304788,What is the best hotel booking API
304813,Is MD quite a sufficient degree to treat the patient
304817,Where can I find a best five star hotel in Bhopal
304901,Who are the best directors of Bollywood
304993,Do you know of any psychopaths who have any religious beliefs
305087,What temperature is required to melt steel
305133,What is the difference between intensive and extensive properties
305269,Why do people watch Arnab Goswami debates
305364,How is solar energy used to generate electricity
305395,What are benefits of celibacy
305414,How many calories should a person eat a day to lose weight
305427,Is it true that if we will travel faster than the speed of light we can go toour past
305604,Epics of India What are the fundamental differences between Rama and Krishna
305753,Why does 112 and not 3
305835,Who is education for
305836,Where can I donate my organs in India
305923,Why is it ok for black people to use the n word 
306217,Which are the universities considered public ivies
306240,What are the top five yoga apps for learning yoga
306294,Was Jesus a Jew If he was why did he become Catholic
306396,What would be the rank in Amrita Entrance Exam AEEE if I score 140 marks
306580,What are the teachings of Siddhartha Gautama and what is he known for
306582,What is the best electronic music website
306585,If Einstein had more time to work on It would he have successfully come up with a UFT
306627,How do I keep my armpits from sweating
306774,How the deadpool is alive even after getting beheaded in wolverine origin
306804,How do satellites work
306810,When is stealing justified
306824,Where can I find best hotels in Nainital
307260,Why should I study hard and more
307282,What is your horrifying paranormal experience
307305,Whats the best way to remove black spots from your face
307347,Where is the best institute to learn VFX
307406,Where can the British community be found in Ontario
307423,I was applying for passport India and came across educational qualification Should I give it as 10th pass and above OR graduate and above
307459,How do you change your phone number in Verizon
307496,What is the true story behind the Texas Chainsaw Massacre
307870,What is the right time to lose your virginity
308169,What is the best or most interesting question on Quora
308344,What are the best Technology inventions available
308465,Which best vegetarian food for muscle building
308622,Can we use a Jio SIM on other mobiles except the mobile in which the bar code was generated
308877,Exactly is donald Trump an racist or xenophobic
308882,How do I incorporate a company in India
308903,Is Quora becoming a new Facebook
308962,What does freedom really mean
308980,Why are Olympics not held in INDIA
309171,How does a mood ring work
309199,How good is swimming for middle aged men
309314,What are some tips for performing oral sex on women
309356,How much happy are you with Narendra Modi government
309438,What is the best bait for fishing perch
309457,When was the last time you were terrified
309561,What are the best sites for downloading Telugu movies
309727,What are the emerging trends in your industry
310010,What is the main purpose in our life
310099,What is our national animal
310114,Where do I start indie game development preproduction
310193,What are some of the things that can be recycled How are things recycled
310352,Does YouTube live stream unveiling of a product comes under good marketing for a startup
310414,Why is education important for Indian people
310438,What is the different between Japanese and South Korean girls
310606,What are some wisefunny things said by Phoebe Buffay
310623,Why cant I see the following feed of my friend in Instagram without getting blocked
310669,What does owl signify
310689,What are the 4 functions of skin
310793,Which are the best drama movies of all time
310855,Does Reince Priebus do a good job as Chairman of the RNC
310912,How many days does it take a PAN card to arrive after printing
310962,Who introduced the term low energy person used by Donald Trump to describe Jeb Bush
311083,What is the best strategy to crack JEE Advance in first attempt
311167,How can I share a link to a specific answer on Quora
311288,Why isnt there a way to upvote good questions on Quora
311429,How much will an iPhone 6 cost in 2017
311759,Why isnt Bill Gates considered to be as superstud entrepreneur as Steve Jobs is Or is he
311851,What are simple machines What are some examples of some of them found at home
311973,What would be the best way to learn Arabic
311989,Why do Russia and the USA fight a lot
312526,What are some common misconception about the Vietnam War
312565,Does masturbating leads to white hair
312635,What can travel faster than the speed of light
312678,What is it that attracts Amir to America in The Kite Runner
312912,What do people with foot fetishes do and how can they get rid of it
312917,Is there any rule that we can not buy general tickets for express trains before 4 hours
313234,Is alien life possible
313392,Why is it common practice for doctors offices to have patients wait for a long time after the scheduled appointment to see the doctor
313433,What is a good recipe for chicken
313494,When will capacitor block DC and allow AC
313602,What qualifications do I need to be able to work for CERN
313979,What is lucid dreaming and sleep paralysis And whats the connection between them
314000,What is Awdhesh Singhs views on caste based reservation system in India
314040,What is the value of college
314358,How can we track our cell phones
314376,I am 24 years old I want to be a billionaire by the time Im 60 What should I do
314391,How can I treat itch on the top of my toes
314421,Is personal hygiene a challenge for someone with ADD
314470,What do you know about Turkey as a country What do you think about Turkish people
314600,Stray Dogs poo outside my door almost everyday How can I stop them
314891,How is the life of Indians living in Pakistan
314974,Why do climates vary around the world
315134,Where should I start to solve this encrypted text
315306,How do I earn money by doing parttime job
315565,Why is The Outsiders considered a good book
315650,Any witty line to get her to reply again
315658,Do Muslims have crazy laws
315897,What are covalent bonds What are some examples
316211,How can I work for Facebook from home
316346,How to improve Project Management skills
316387,What is HVR1 of mtDNA used for
316404,Was Goethe a genius
316496,What is the proof that the soul exist
316519,How can I learn to make pixel art
316528,What is the Tangent Universe
316536,How does law of attraction work
316641,Why is online and in person communication different
316690,Can I download movies through YTS in India
316862,Whats your best moment of 2016
316916,How is robotics changing the world
317266,What is the least 5 digit number with five significant figures
317474,What was the cut off for the XLRI BM in terms of marks in the XAT 2016
317650,Why didnt Adam and Eve die after eating the fruit of good and evil as God instructed them
317695,How does a horizontal milling machine and a vertical milling machine differ
317720,What is a singleton class used for
317746,How can I root my android mobile
317829,What is the best Cloud Computing book
318069,How can I leave Algeria
318089,What is the differance between multitasking and multiprocessing
318113,Why is liquor so cheap in goa
318284,How is political correctness a bad thing
318305,Why are Quorians more liberal than conservative
318331,What is inside an electron
318592,Why doesnt Japan accept immigrants
318628,How can I increase my chest size
318667,What are your thoughts about female gamers
318686,Which Newton laws are applied on projectile motion
318706,What are some good tips to live to be 100
318919,What are the current chances of Donald Trump winning
319052,How crack TIFR Physics entrance IntegratedMSc Which books should I prefer
319069,What are some sentence examples using truculent
319470,What are some examples of sequent occupancy
319489,Can you stop off and sleep in your car overnight in New Zealand
319533,What can I do if Im getting severe cramps during my menstrual period
319660,What are the differences between North Indian and South Indian brahmins
319954,Are guns in America the ultimate problem
319995,Why do girls dress provocatively
320035,What causes spontaneous combustion
320244,Can I play wynk music files in another player
320383,What is the ecological importance of bacteria
320389,What are other platforms like Quora
320405,When the gravity of moon is weak on moon how come it effect tides
320413,How peace can be attained
320472,What is your favourite piece of classical music and why
320673,Why is Proactiv considered bad for the skin
320678,Who is a better actor Jack Nicholson or Anthony Hopkins
320691,Which are top 5 classified websites in Saudi Arabia
320939,What is the most effective way to wash dishes by hand
320972,In Game of Thrones who poisoned King Joffrey Why did heshe do it
321272,What are examples of great meditation or mindfulness apps
321291,Meshing in hypermesh
321586,Whats the landscape of high schools in the Bay Area Which are the best  worst
321653,Whats the difference between made of and made from
321669,Why do people post really LONG answers on Quora Is it really required
321757,Why it is important to maintain certain inflation in an economy
321808,What is bicameral legislature
321863,Why is the media so biased
322002,What are some misconceptions about asexuality
322423,Does music serve any evolutionary purpose
322552,What should a good data scientists resume look like
322581,Do you take a piss in the shower
322617,Can Mucinex cause diarrhea If so how can this side effect be avoided
322653,What is best YouTube downloader for windows
322759,What is a QA engineer
322839,Why is Eminem called slim shady
322849,Why do people believe that Wikipedia is accurate
323632,Can Muslims be stereotyped as terrorists
323777,Whats the a good way for a 17 year old teen to make money without finding a job
323800,What are the pros of clearing GSoC
324065,Does a real estate agent make good money
324165,Which is the best Linux distro for an amateur developer
324235,Is it difficult for a foreigner to use chopsticks
324339,Why do liberals hate Christianity but love Islam
324530,What are the little known facts of WW2 that fascinate you
324550,How can I remove a waypoint in Google maps
324601,Is San Jose State University a party school
324638,What is origin of vermilion
324886,What are some stunning facts about oceans
325102,Does redbull energy drink contain bull semen
325192,How do buy CAT Books Online
325228,Is feminism a threat to Indian society
325304,How much does it cost to repair a laptop screen
325500,Does Hillary Clinton have any specific proposals to help the economy
325580,How can I get help
325611,How can I join the Indian Army at the age of 26
325836,What are the best books on Joseph Goebbels
325853,Why Snapchat is not making an official app for Windows phone
325863,What causes a shadow
325897,How is unity in diversity possible in India
325902,Would Putin and Russia prefer Donald Trump or Hillary Clinton as the new US president
326181,What are the best websites for internships
326300,Why is Quora so hard to navigate
326313,What exactly is work from home jobs
326541,How do I crack the Microsoft Office 2013 Professional Plus
326575,How do I overcome my bad habits
326796,How can I help a friend who is experiencing serious depression
327100,Are there any hindu temples in Pakistan
327377,Which app is best for group video calls
327591,Can you survive with a punctured lung
327595,What are the best mobile apps for learning to program
327658,When Donald Trump become President is he required by law to make public his 2017 tax return
327949,Where can I find prostitutes in Ahmedabad
328040,Will Sanders supporters ultimately vote for Clinton out of respect for Bernie and his wish to defeat Trump
328148,Should Warner brothers acquire Aardman
328252,Is it weird that I want to go to the Adelitas bar or the Hong Kong Gentlemans club in Tijuana by myself for prostitutes
328275,Who according to you is the hottest sports woman
328311,What is the best method for pulling nose hairs
328478,What is balance mutual fund and hybrid fund
328641,What are kalamkari shawls How are they made
328683,What is debate
328810,What is the view of people in Delhi towards AAP
328835,Why do I find chess easier than snooker
328876,Who are Brahmakumaris
328988,What is the meaning of upa government
328992,What are some Oriflame products
329244,Is it possible that humans can built time machines And if its been built what are the affirmatives that it can make us travel in time
329376,Why is Quora more addictive than Facebook
329433,If I complete my whole NCERT of physics 12 CBSE how much marks can I score
329439,Would a pit bull or other dog breed be able to kill a wolf one on one
329531,What are the secret agencies in India
329611,What is the main objective of recruitment and selection process
329786,How do I stop obsessing over someone
329854,What are some of the major types of volcanoes How do they differ
330079,Does Area 51 have a UFO
330434,Which type of content irritates you on Quora Why
330699,Which are the best Gujarati books you have read
330780,How likely are the victims of child abuse to become pedophiles
330895,WhereHow do banks store their money
331099,Within the next century will humans discover life on other planets
331146,How is a raven like a writing desk
331263,What is the function object in JavaScript
331513,How old is Jesus Christ
331546,How do I track the IP address from an email
331638,How do I treat a blood blister on my eyeball
331761,As a Computer scientist have you ever spend time for leisure activities if you do what kind of leisure activities
331823,What are the ways of finding a stolen laptop
331876,I am a 17 year old boy I have a 65 inch dick Is this long enough to pleasure a girl Request
331886,Whats the remedies for constipation
331891,How do decision trees for regression work
332035,How can I prepare for class 11 CBSE
332072,Do you believe in zodiac signs Why or why not
332147,What happens to a bee hive if the honey is not collected
332261,How can someone get a free tummy tuck
332320,How do I stop myself from smoking
332488,What film has changed your perspective on life and why
332729,Why are there so few Americans who can drive standard transmission
332788,What are some good free PC games
333106,How can people buy shares of film studios
333212,How do I learn to use Plus500
333249,Have you ever felt like just giving up
333476,Which is best foreign language in perspective to job
333490,Where can I find a free website
333518,What do fish do
333557,Who is regarded as the father of Psychiatry
333644,Will a carbon monoxide detector detect gas If so how
333764,What was your best blind date ever Why
333815,How bad is Coca Cola Zero for you
333873,Why are AP tests multiple choice
334087,What are tips of speaking English
334147,Who is the greatest actor in Bollywood
334168,If I dont know anything about circuits should I try home automation
334383,How is gelatin created
334666,Is student loan forgiveness fair to those who repaid their loan
334848,Where do I watch Friends online
334919,What are the types of animals that live in a desert
334954,What could be the best Valentines Day gift item
334989,What percentage of answers on Quora are true
335060,Why are there no new wallpapers for the iPhone 7 like the ones advertised on Applecom
335068,What is the acidic name of vinegar
335082,Gillian Anderson Whats your favorite guilty pleasure TV show
335184,How can I setup refer Email to a Friend in Magento 2
335365,Which country has most atheists
335373,Which is the best law colleges in Raipur
335404,How do I recover deleted messages on my Android phone without a computer
335658,Which is the most amazing video you have ever seen
335737,Why do phones need sim cards
336427,Why does it rain so much in Bogota
336448,What does it feel like to kill someone in a war
336454,What is the longest cock youve ever seen
336468,Why did Littlefinger send Sansa in the claws of Ramsey Did he just not realize what he was
336518,Should I invest in a forex market
336661,What is the best programming languages in 2017
336723,Discuss the main factors that have contributed to the remarkable economic success of China
336814,Where is the best training institute for software testing in Pune
336820,Is it ever just to try one person for another persons crime
336842,Is there an adaptor yet which allows users to plug iPhone 7 lightning headphones into a MacBook pro 35mm port
337012,Investment Banks Whats the relationship between JP Morgan and Morgan Stanley
337026,Which is the better Call of Duty game Ghosts or Advanced Warfare
337054,Could someone still see my profile picture if they blocked me on WhatsApp
337056,How can I use the logarithmic table
337276,What are the major flaws of Hillary Clintons and Donald Trumps foreign policy agendas
337540,How do I avoid alcohol
337780,What is the worst thing youve done to people
337908,Why did people prefer black taxis over minicabs in London
337915,Sex with employees in Singapore
337951,Why is cast iron hard to weld
337999,Where can I track well selling products on amazon fba
338216,What are the secrets of a happy and successful marriage
338231,Whats the future of the banking system
338588,What is the easiest and fastest way to learn calculus
338933,What is the best GMAT coaching centre in Bangalore
338966,Who are the best architects in Delhi
339244,How do you know if a Shar Pei is pregnant
339388,Is there any taboo in sending gifts in the West
339447,What are some ways to reset my iPhone 5s voicemail password
339565,How do you get Rolexs permission to use their logo
339792,How do I make a financial plan
339862,Was Hillary Clinton a good Presidential candidate
340049,Why cant Indonesia drop the death penalty
340341,Why my hands sweat a lot
340421,What will I do after 10th SSC
340458,What does it take to get a job in medical sales
340541,Do chipmunks bite people
341043,What were the major contributions of the political leaders during WW1 and how are the compared to the ones during Revolution of 1830
341308,What is your review of Rustom
341422,How can I develop my english speaking skills very fast
341439,How can I switch from the IT industry to the fashion industry
341484,I wish to start a social media app how should I begin
341641,What s the best reference book for c programming
342020,What is Bhopal gas tragedy
342037,How do I pass a marijuana test
342160,How do I remove under eye dark circles
342240,What would happen if the Earths spinning speeding doubled at the end of every day
342344,How does prednisone inhibit wound healing
342346,I am studying BE1st yearI want to become an IAS officer So should I start my preparation right now
342616,Why are cells small and not large
342658,What is the science of sleep
342696,Is it possible to slow down aging
342759,What is the one thing you never want anyone to know about yourself
342802,Theology What are the best arguments for Gods existence
343020,What is your process to prepare for a data science interview
343049,What is the importance of breakfast
343148,What should I do to become a car designer
343200,How are sunspots formed
343250,Is there a reason why Bucharest and Budapest sound really similar
343279,What is no objection certificate
343347,Where are skateboard wheels made
343523,What are the differences between banks and financial institutions
343584,When will I get the call letter for SSB of NDA 2 2016
344041,What are the advantages of cooperative federalism
344243,Which is better Studying late night or early morning
344334,How does quantum computing work
344350,What would be the best books or resources to get a basic understanding of evolutionary biology
344421,Is it necessary to believe in God to be moral
344681,What is a generative model
344690,How many of you have been to Everest Base Camp How many of you wanna see the top of the world with experience of trekking
344717,How do I know if Im texting a girl too much
344725,Why India cant produce Nobel winning scientists
344823,What is the fastest way to double a dollar
344952,Should we prohibit hate speech
344972,How can I make Jio 4G SIM speed fast
344997,What is difference between grounding and neutral
345097,Where can I get the source code for Android apps
345253,What are the most interesting facts about Jupiter
345394,Why am I so easily distracted
345452,What is your best memory of a stranger
345455,What technology is being developed to help people who cant talk
345522,Which star in the Andromeda Galaxy is closest to us
345669,How can I learn English phrases
345866,What is Darkseids weakness
346011,What are some tips for aspiring novelists
346094,If the area of a circle is 11304 square meters what is the radius Use n  314
346365,How did Henry VIII of England die
346650,What is the best thing happened in your life
346673,What is 404 error
346742,How can I get my Quora password if I forgot it
346825,Are there any internships in India
346855,Whats it like to work with Tim cook
346939,How can I do a succubus ritual
347541,What if China and India combined
347706,Will my iMessage come through if the receivers phone is off
348160,Are there any animals with more than one heart
348215,Is it good or bad to marry other caste
348240,What is your favourite quote of all time
348249,If blood is red why do veins look blue
348406,Which is your favourite cuisine
348477,Why are you a fit for this role regional operations coordinator role
348502,What is the frequency of light How is it determined
348604,How can I memorize a large script in one week
348667,Why is my internet slow all of a sudden
348698,Thunders effect on sea animals
348713,Which is best English grammar book for competition exam
348723,Is the expression ON2  N3 correct
348739,How do programming contest problem setters make test cases 
348786,Can I get a Motorcycle on rent in Bandung or Jakarta 
348878,How do countries bid to host the Olympics
348956,Why did we lose the vietnam war
349175,What are your thoughts about Indian forest service
349271,Why are people so angry on the road
349485,How do I get rid of old post on my Facebook page with deleting each one
349783,What happens if you are gay in Russia
349926,What age should you be to start masturbating
350100,What are skills required for me to become an electrical engineer
350112,What will Donald Trump do after becoming the President
350726,What are some examples of the major types of volcanoes
350841,What makes Awdhesh Singh so wise
350849,Why is a ged as good as a diploma
350880,What is the reason for Muslims to like their religion more so than that of their own nonMuslim country 
351024,What is the origin of New York accent
351121,Why do certain Indians still think that Hindi is just a North Indian language
351246,What causes red freckles around the eyes
351293,How do we know who viewed our Quora profile
351312,How do I hack WiFi passwords
351820,Hillary Clinton Why did you set up a private email server while working at the State Department
352136,Does this country need a constitutional convention as in article V
352491,Why is circumcision not considered a form of child abuse
352509,What is radio Wave
352532,What are the benefits of joining the Marines
352702,Is a magnetic field present when a current is not flowing through a conductor
352893,Did Italy get pasta from China
352923,How do people lose weight when they have Hashimotos Thyroiditis
352998,How does torrent work
353078,What is the difference between an actor and movie star
353271,What is the second largest planet in the solar system and how does its composition compare to the other planets
353347,Can B creative breakthroughs like Uber happen on demand
353353,How can I find hotels in Varanasi near ghats
353397,Can I change university after getting visa in Canada
353406,Which is the best SBI credit card
353488,What are some of the best ways to grow my hair faster
353646,How do I get my first sales on Fiverr
353686,Why is gradient boosting named that
353692,How do white nationalists differ from white supremacists
353715,What is anthropic principle in simple terms
353758,Which is healthier chicken or mutton
353832,What happens when you separate the two hemispheres of a living human brain
353848,How do I calculate the cost of an Android app
353867,Why does the armature reaction in a DC motor occur in the opposite direction of the main flux and not in the same direction
354057,How is life of a surgeon
354104,How can I get my mind to work under pressure
354163,How can I increase the quality of my answers on Quora
354184,Does providing aid to poor countries increase the risk of overpopulation
354330,Are girls more caring or boys
354355,What birthday gift would you give to someone who has everything
354422,How do I detect presence of gamma rays
354474,Why we should or shouldnt boycott Chinese products
354703,Why do objects in space entering the Earths atmosphere catch fire
354921,Advantage let elderly live in nursing home
355058,What is the best airport experience youve ever had
355102,How do I take pictures of Milky Way
355157,What are the most messed up animes
355260,What are the three best restaurants in Paris
355447,Why have they changed the name of Uttaranchal to Uttarakhand
355541,Why are so many people against feminism
355612,Whats your favorite reality show
355757,What is the difference between International relations and International studies
355776,What is it like to have a parent as a teacher
356138,How can I memorize lyrics
356289,What is a submersible pump What purpose does it serve
356581,How different would it have been for both India and Pakistan if they hadnt separated during independence
356703,Where is Abu Bakr alBaghdadi now
356719,How do I prepare for government jobs
356916,What is the importance of having a witness when signing a contract
356997,Which is the best time to get married
357098,Should Social media comments be protected by free speech
357158,How do porn stars feel while shooting Is that cool job
357160,Is it safe or unsafe to use Xiaomi Products
357174,How is MLab better than hosting Mongo myself on DigitalOcean
357177,Whats the saddest thing you ever encountered
357183,How are the universities chosen for presidential debates
357222,Whats the best way to invest 200k
357885,What is a good split of SMLXL quantities when ordering sweatshirts for Indian market
358008,Where did the phrase to fly by the seat of your pants come from
358034,How do you deactivate your Twitter account
358130,What is the problem of Kashmir
358351,Is there any other country in the world with as much culture and diversity as India
358355,What does Airbnbs organizational structure look like
358377,Why does aspirin dissolve more easily in ethanol than in water
358513,What is the function of a US Air Marshal
358741,How do you make socks on a loom
358787,How can I earn money on Instagram
358854,What do you think of God
358878,What is the best way to break ice while starting a conversation
358915,Whats life like after undergoing a gender confirmation surgery
358993,Why does the Quran claim that all species reproduce through sexual reproduction
359011,How can you start believing in yourself
359022,Are we ultimately responsible for our actions
359106,How will I get a job in TLC
359110,Is it possible for an individual to become a trillionaire
359123,Do fathers who abandon their children come to regret it
359583,How do I post something on 9gags chat area
359587,How tall is Leonardo DiCaprio actually I doubt he is anything over 510 Has anyone met him and seen how tall he is
359639,Is adam and eve real
359993,What happens on a preemployment background check if you have hospital bill debt
360102,What is the best novel to read when you are sad
360251,How many moons planets and dwarf planets do we have in our solar system
360987,How do I start trying to trace my family tree
361169,If anyone trapped in the World Trade Center on 911 had parachutes and jumped with them on would they have survived the fall
361306,Why doesnt Palestine appear on Google Maps as of 2016
361332,In which kind of problem domains assemblylanguage can be readily applied
361437,Who is the most powerful superhero and why
361458,Has it been proven that God or a higher being does not exist
361649,How do I contact Tim Cook
361652,How do I decrease my blood sugar in my body diabetes mellitus
361670,Why do US citizens still vote for their president while their votes dont count
361701,How do military coupes take place
361720,How can I calculate the maximum displacement of a simple harmonic motion
361784,What is Donald Trumps true net worth Does anybody have an accurate idea
361818,Is India really changing under the leadership of PM Modi 
361865,Does my boyfriend really love me when he knows that Im sad but hes never there for me
361993,What companies and startups use GitHub
362272,Why do you think 50 of people voted for racist Donald Trump
362331,What is the difference between electrical and electronics engineering
362636,How can I troubleshoot a MacBook pro that wont start
362753,What is your favourite Halloween costume
363232,What would you think of an Indian girl eating alone at a restaurant
363365,How is the fumigation process for bed bugs
363402,What are the different phases of the moon How and why does it happen
363414,What is the best game ever
363465,What are some examples of an organ system
363780,Which language is closer to Latin Romanian or Italian
363937,Whats your favorite video game genre
364179,How do I apply to a German public university for ug programme
364207,In laymans terms how does the hydraulic brake system in a car work
364223,What are the most secretive places on earth
364242,How do I get business ideas
364292,What does a girl find physically attractive in a guy
364346,Can you have many websites in one hosting account
364396,What is the function of the cytoplasm of a animal cell How is it carried out
364829,How do I thaw a turkey
365051,What are the differences between Wikitude and ARToolKit
365204,Has anyone tried to do a sharks tank dragons den style TV show with tech companies
365275,What are the causes of an old people smell and how can this odor be removed from an elder
365410,What is the difference between school life and college life
365470,Why is there a facial difference in people with different races
365494,What is the most important thing you have done this year
365634,Where can I watch the fall colors in or near the Bay Area
365666,How do I start with own business consultant firm and what are the things to be cosider to become consultant
365684,What is the debt market
365701,How do you  Revise the Theory Test
365747,My phone is a Lava Iris X1 I want to upgrade it to Lollipop Where could I download it
366240,What is the best offline dictionary for PC
366309,How can I learn designing
366495,When is MS Dhoni going to retire
366685,How do chameleons change their color
366867,What is like to stay single
366902,If gravitational wave affects light how does LIGO prevent its lasers from being affected
366961,What are some good books for automobile engineering
366971,Why is cropping a Dobermans ears important
367102,What is the procedure to apply abroad for a masters in animation and graphic designing in the US having done a 3 year bachelors degree in India
367105,Is there any way that Bernie Sanders could still become president
367254,How do you cope with social anxiety
367275,How do I stop nightmares
367332,How do you cure cottonmouth
367635,How can schizophrenia be prevented
367640,Why do orthodox Jews always dress in black and wear hats
367659,Was Obama one of the worst USA presidents
367685,Why does RBI switched from WPI to CPI
367855,What was Mordor like before Sauron came
367943,If everyone is closed minded would there even a point to be open minded
367947,Is it a good idea to tell your crush that you have a crush on him
368239,How important is it to have chemistry in a relationship
368313,What is the funniest cartoon strip you have ever seen
368319,Can we pay the credit card bill through ATM
368350,What do you think about the results of PISAs 2015 assessment on education
368387,Why did you study physics
368400,Will there be a recession in the US in the near future
368608,What kind of security does an IAS officer get
368734,Which is good part time job in Chennai
368946,I forgot my Gmail password and email password How can I log into Gmail
368990,How do you determine the surface area of cuboid
369524,What are the overall best web hosting services
369596,Why dont illegal immigrants come in the right way
369704,Why does my voice sound different when recorded
369742,What is the use of a flywheel
369957,Why does meat turn brown in the fridge
369980,Which one is the best explainer video company
370001,What is a cool psychology trick you could try on friendsfamily
370003,Whats the easiest way to learn how to speak Bulgarian
370059,What is the longest recorded song
370062,Is it too late to learn a language like Spanish or French at 23 and be really good at it advanced level
370071,If it would have been made in Bollywood what would be the cast of Harry Potter
370087,What are collective nouns What are some examples
370188,What if any influence did Plato and Aristotle have on Judaism
370214,What are the positions in football
370306,What are Emile Durkheims major contributions to the field of sociology
370464,How do I deduce a numbers square root without the use of a calculator
370480,Does everyone deserve a second chance
370612,Should I start learning wordpress
370707,Can someone who block me see my texts later
371261,What are the problems faced by disabled people
371330,Why does Quora hide my answers when they are not breaking the policy of Quora
371428,Why India is not the member of NATO
371492,What are your views on PM of India
371948,Whatre the good things about working for a big company
371968,Why do people take pictures of their food
372173,How do you stay up for 2 days straight without sleeping
372353,Is it possible to see the future in your dreams
372443,Which job has the largest salary package in IT field in India and abroad
372450,What are reviews for Starting Strength
372594,What does Postmates exactly do
372717,Did Steve Jobs have a dog If so what breed
372809,How did dumbledore die
372865,What is the average success rate of tech startups
372959,Can people actually be raised by wolves
373361,I am 23 year old guy currently working in Sharjah UAE My problem is that my hairs are started to fall How to prevent hair fall and hair loss
373406,Why do Indians shake their heads in agreement instead of nodding Is there a story that could explain this
373890,What kind of questions get the most followersanswers on Quora
374010,Does the universe have an edge Does the universe have a limit to its expansion If so what happens when the universe reaches its limit
374104,How does one find their passion
374234,How harmful could it be for my dog to eat an Orbit gum
374501,What do you think India did wrong in Kashmir
374512,Put on red and live a little hindi meaning
374541,What do white guys think of black girls
374547,Why are so many American men circumcised
374691,Why was Zulfikar Ali Bhutto hanged
374746,What is the future of real estate in India after Demonetization What impact can be seen in the future scenario
374792,What are the top online shopping websites in the Middle East
374936,Can you recommend a good Jewish deli in New York City
375004,What is the right age to read Bhagwad Gita
375014,What are Panamas most common natural resources
375080,What is the best thing we can do on Quora
375220,Why is nitrogen referred to as an inert gas
375253,How can I install a new OS on a empty laptop
375350,What can you do to stop snoring
375641,What are some tips for marinating frozen chicken
375875,What does triple talaq mean
375918,How do I file a complaint with Quora
376114,Super Smash Bros Brawl What is the best strategy against Diddy Kong
376149,What bank is good for a savings account in India
376388,How can someone win the popular vote but lose the electoral vote
376446,Why do the Miranda rights exist
376795,Are there any black holes in the Milky Way galaxy
377186,What are some best psychological thriller movies
377214,Is NCERT enough to get 600 in neet 2017
377234,What is the difference between I was and I were
377355,How should someone start learning Computer Science
377571,Which is the best institute to get a Prince2 certification in Mumbai
377757,What are the characteristics of a border colliebeagle mix
378010,How is the life at NLIU Bhopal
378059,Is a beefeating Hindu safe in India
378207,What is the best way to love yourself
378225,What are Liverpools chances of winning EPL this season 201617
378247,What is it like to become a woman
378446,How much is the President of the USA paid
378449,If I save 50000 per year how should I use my savings
378644,What was Uttank Kauls JEE Main and Advanced Rank and why was he offered MIT
378741,Where can I find programming challenges
378797,Who can give me some advices to practice speaking English
378989,How do I block Facebook
379138,How do you catch and prepare crawfish
379342,What are some amazing things that I can do with my HTC Desire 828 3gb
379397,Will Alzheimers disease be cured or close to cured
379441,Which is the longest bridge in India
379499,What is the scope for ACCA in India
379519,What little things should I notice that my antidepressant is working after 2 weeks
379525,How can some infinities be larger than others
379852,How can I improve grades in high school
380140,Who was Margaret Thatcher What were some of her achievements
380316,Is terrorism a form of protest
380347,GUESS THE MOVIE     Moviename
380573,How did the Rothschild family become so wealthy
380575,What is the best launcher for Android 442
380644,What is Aamir Khan like in real life
380825,What is the difference between data analytics and data mining
380906,In the vacum of space what does a human carbon life form in our particular structure sound like
380986,Which is the best online test series for SSC CGL
381010,Despite all the history diversity in culture architecture languages etc why isnt India the top tourist destination in the world
381022,What is virginity
381042,Why dont the best football soccer players play in the Olympics
381247,How many times a day is normal to pee
381315,Why is Snapchat worth over 20 billion
381629,Amazon internship interview question
381787,Was the Egyptian god Horus really born on December 25
381805,Why cant I make a blog on Quora
381898,How do I change my email address
382054,What happens when there are no more questions to ask
382084,What is the weirdest you have masturbated to
382309,Where can I find an elegant and classy prom dress
382394,What are the best universities for masters in actuarial science
382673,Where does electricity come from on an airplane
382763,Is coding only restricted to English
382769,I am currently pursuing btech from NSIT COE1st yr I want to join MITUS for MS program after what are the all steps in detail to be followed
382793,Is it possible to make convenience food after the apocalypse
383088,Could you put a message on the surface of an atom
383102,How can the Earth and universe only be 6000 years old as creationists believe when we can measure millions of stars that are more than several billion years old some as old as 134 billion years old
383179,Why is Charlie Chaplin important
383602,Which company provides the best SEO services in Bangalore
383778,How can hydrochloric acid be neutralized
384040,How does whey protein help in gaining weight
384407,Whats the best way to break up dog fights
384594,Did the Armenian Genocide occur
384601,What is the longest bridge in the world
384614,I really need to pay my tuition What is the fastest way to earn some money while in college
384816,Whats the difference between an interpreter  a virtual machine
384825,What is the best way to give speech
384852,How do I track a missing metro pcs cell phone
384931,How can I make money by making simple android app
385152,Which is the best eye hospital in Bangalore
385639,Which is the best addiction
385642,Which Canon DSLR camera is equivalent to the Nikon D3200
385730,Why do Fermions have half integral spin
385775,What are the best book to read for European history
385814,What are the HR policies of Facebook
385919,What role do the youth play in Indian politics
385966,How many times a day should you meditate
386034,Which are the best SSB coaching academy in Delhi
386092,How did Indian astrologers know that there are exactly nine planets in the solar system when there were no telescopes
386269,What are some similarities between India and the USA
386272,Is a you break it you buy it policy actually legal
386417,How does a maglev train run
386487,Why does Jake Williams like Nick
386718,How does a bactrim treat a staph infection
386749,Why Scandinavian countries called Scandinavian
386856,How do I ask questions in a smart way
387076,What do you think of Donald Trumps shocking win in US presidential elections
387096,How do I design a specific social network website
387126,Is it better for our health to shower at night or in the morning
387156,As a programmer what tasks have you automated to make your everyday life easier
387199,How effective is beard oil
387235,Does Nextdoor generate revenue If so how much
387284,How do you reduce the redness caused by keratosis pilaris
387328,I need you to provide replacements for swimming tulips fashion and butterflies in a masculine room its too girly
387418,Do bank PO get posting in their own Regions
387477,Why dont planes have parachutes
387526,How is the TV series Penny Dreadful Is it really worth to watch
387597,How do I know if I actually have a bad memory
387600,What does it mean when a girl stares at me but doesnt smile
387643,What is the best topic for cs final year project
387675,What are some life lessons
387765,Is Robin Hood a criminal or a hero
387785,Is Theon Greyjoy evil in Game of Thrones
387879,Does Fan 2016 Film have post credits scenes
387897,Whats the best digital marketing course in mumbai
387949,What are best alternatives to Quora
388544,What are the best tourist destinations for culture in Nigeria
388609,What should 6 week old puppies be eating
388767,How I can write a scientific article
388877,What are some lesser known Indian martial arts
388921,Should nationalism be banned
388996,Need to learn HVAC quickly  Any suggestions
389035,How often do most people have sex
389187,How do you make amazing tacos
389227,What did Catherine the Great do to support The Enlightenment
389249,Can I mute questions that contain a particular text in them in Quora
389435,Can I get a job in Chennai as mechanical engineer
389659,What is the best online marketplace and app for buyingselling unused or slightly used clothing
389716,If Jon snow is a Targaryen why is he not immune to Daenerys
389852,What if Harry Potter was sorted into Slytherin
389978,Have you ever had a mind blowing sex
390007,Why do airlines serve more fluids
390135,Is feminism going too far in western countries
390203,Where are best places for spring snowboarding in the US
390276,What business is the best business
390339,What lies under the Sphinx
390519,What can I do for society
390779,How does a change in repo rate affect fixed deposit rate
390815,What is design thinking
390943,If I were sunny Leone then what can I do
391140,How did world leaders react to Donald Trumps US election victory
391340,How can I become a successful musician
391771,What are names of movies that will help me to understand physics
391816,What is the best thing to do out of waste
391898,How do I start a new life in the USA
392052,Is buying a sloth legal in California
392127,What does it mean when you ring a mobile and you get this line busy
392165,If you were surrounded by very successful people in any field and you could sit with them what question would you ask them
392189,How do male actors not get boners when doing sex scenes
392222,Is 510 a good height for a man
392304,How can I season steak What spices should I use
392373,What is the best evidence that proves beyond reasonable doubt that the holocaust never occurred
392464,What is Cyanogen mod
392563,How do you build a strong brand for a small Business
392707,Why does poissons ratio always stay between 1 and 12
392767,Why didnt Trump offer Ben Carson the job of surgeon General
392942,How do I forget the girl I am in love with
392965,Would we be better off if an asteroid hit land or water
393096,How do football clubs spend their money
393651,Who is Monica Lewinsky voting for in the 2016 presidential election
393705,I got 110 marks in JEE Mains2016 with an 85 in the CBSE boards What college can I expect
393723,How many versions of the Bible are there
393794,Are there ISIS members on Quora
393963,Whats the best way to sell used books
394060,What is the Lake of Nicaragua known
394107,Why arent there pawnshops in India
394182,What is the formula for momentum
394425,What are your views about bisexuality
394476,Why does shaking a soda cause it to explode
394506,Whos your favourite Youtuber
394626,Is the college works painting internship worth it
394638,How will you know that youre already in love with a person
395064,Can I travel to Mexico without a passport
395572,What are examples of animals that eat plants and animals
395576,How can I give a good presentation
395935,How can I fix a laptop that keeps turning off by itself
395988,What would happen if Sheldon Cooper met Donald Trump
396075,What are some few good ideas for organising town and planning an event for technical festival
396088,Why India doesnt attack Pakistan
396142,Why do we put the current transformers in series and voltage transformers in parallel in the substations
396158,How is a Siddhis Cube used
396279,Why are some people eccentric
396341,Do you think it is okay to blame political correctness for Trump being elected
396437,How can I get a permanent residence in Sweden
396478,How can you delete an Xbox profile
396902,What would happen if Jon snow had silver hair and looked like Rhaegar
396928,What do you like about the Philippines
397120,What clothes should I wear to the gym
397220,Which is better for coaching after 12th Fiitjee or VMC
397235,Why do I rip out my hair
397384,What do people think about TTIP Transatlantic Trade and Investment Partnership
397442,How can I make talking to girls feel more natural
397466,How will spending in infrastructure impact inflation
397784,Whats the best way to make a passive income online
397865,How would you rank the DCEU
397872,What is the best bank for startups in Bangalore
397957,What was the Soviet Union
398406,What is social order and what are some examples
398469,Which exam is good CAT OR GMAT
398540,How old are yall I just turned 45
398941,Why does my MS Word toolbar disappear
398959,What are convection currents and how are they created
399462,What are the top five strongest militaries in the world
399595,How can I trade forex in India legally
399876,How can I be more confident for a PhD interview
400291,What are the best motivational Weight loss transformation stories I am 100 and I want to shed 30 kgthese stories will help
400430,What are some examples of inherited traits
400719,Is Citigroup Inc a good investment
400935,Will coffee cure headaches
401153,Which is the best institute for digital marketing in Delhi
401573,What are the jobs that have the most beautiful women
401659,What is the best Akira Kurosowa film
401777,What is the most painful thing you have ever experienced
401822,Is a score of 160 in the JEE Mains enough for admission in LNMIIT Jaipur in the CSE branch
401834,Is there a relation between investment in Reliance Jio and demonetization of 1000  500 notes
401880,Can concussions cause permanent brain damage
401923,What is gotra
402000,What is Triple Talaq What is the stand of Muslim men on it  Is it justified
402005,What is the Best Wifi hacking app ever
402066,If Voldemort had known that Harry was a Horcrux would he still have tried to kill him
402305,What is s2s transfer
402309,How much negative charge has been removed from a positively charged electroscope if it has a charge of 75x1011C
402451,What is the best word
402783,Which fruit should I add to my diet to reduce my cholesterol level and blood sugar
402842,What does Black Lives Matter expect to accomplish blocking freeways
402845,Which is the largest zoo in india
403051,Is it possible to code on phone
403066,How do I get involved in CS50
403109,How will Saturn Maha Dasha be
403114,How much are diamonds worth
403237,What does Tyler Durden mean when he says you are all singing all dancing crap of the world in Fight Club
403471,How does the International Atomic Energy Agency help in reducing dangers of nuclear pollution
403548,How would you rank the Harry Potter books and movies
403623,What is the difference between PHP and Nodejs
403698,What should be the top things for a kindergartner to learn
403744,Does anyone use search engine other than google
403971,Whats the difference between faith and hope
404228,Is it worth it to join SRM University for a BTech in Computer Sciences How is the scope at SRM
404304,What is Hillary Clintons plan to deal with ISIS
404588,Do you believe in death after life
404761,Is the musical Hamilton overrated
404811,How does one create a PDF file
404900,What is the best way to change mood I dont feel like doing anything these days 
405110,What is the best book for quantitative aptitude for campus
405353,What would the world be if Islam never existed
405710,In which other countries apart from India is the national anthem required to be played in movie theatres before screening
405722,Why is China opposed to Indian NSG membership
405831,How do I prepare organic chemistry for the JEE Advanced
405881,Did the US plan a terrorist attack on its civilians And if its true what do Americans think about it
405884,Is the GHD gold straightener better than the classic
405984,What is the best phone to buy in India under 20k
406230,Indians How much do you like Mahatma Gandhi
406233,Is it possible to upgrade my Coolpad Note 3 lite mobile to Marshmallow
406292,How do I calculate the cash flow of a company
406300,What does MNE mean in international business
406311,What are the advantages and disadvantages of being an engineer
406572,What are ideas for passive income
406577,What does thanks for A2A  stand for
406712,What would be your main priority as President
406982,What is it like to be hunted by the FBI
407106,What is the working principle of a cloth washing machine
407281,What should I pay attention to when buying LED bulbs
407487,How long do cuts take to heal
407595,How would you decide your goal or aim 
407610,Is it possible to give a British UK BSc honours software engineering degree in 3 years
407657,What is meant by judicial review in the context of the Indian Judiciary
407665,What is an agreement
407883,Have Airbnb hosts ever had sex with their guests
407958,If we left earth would Thailand launch the royal family and the white elephants to space
408155,Are there truly evil people
408227,What is your best advice for procrastination and lack of motivation
408256,What are best commentary on Dhoni
408330,What is the best smartphone for 2016
408341,If a war between nato and russia were to happen who would win if there were no nukes
408348,What regionscountries will be predicted as the infant products importer in terms of the expected high birth rate and other relative data
408509,Is it a good idea to marry if the only thing I want is sex
408708,How can I ask personal question on Quora about something which is bothering me
408734,What exactly have changed since ISM Dhanbad became IITISM Dhanbad
408941,What are the reviews of Davisco whey protein
409090,How do superheroes grow old
409139,How can I keep my arms from falling asleep
409162,What is the history and meaning behind Mexicos coat of arms and the Mexican flag
409269,Why does Israel an economically prosperous state receive so much aid from the United States
409346,Who is the strongest anime character
409360,How can we maintain our body structure
409374,Which is the best health insurance policy
409537,How do I know if I really want children
409947,Who created KQED radio jingle
410167,What are the courses I should take on Coursera or similar sites to enhance my portfolio for premier MBA colleges
410222,How does the digestion of proteins begin
410236,How can I make money being a freelancer
410305,How do I know if Im a jerk
410599,What purpose do the numbers on the bottom of a check serve
410664,What are the pros of industrial agriculture
410880,Is cyberterrorism same as cyberwarfare
410948,What are the best companies to work for as an actuary
411161,What are neo liberal economic policies
411330,Where can I find comfortable luggage straps in Australia
411499,If Jesus is Jewish why am I Catholic
411552,What do you think about the US
411602,What are the main things well look back in 100 years from now and think were crazy about how we live and what we believe today
411611,How we can see
411637,What is the purpose of a caste system
411738,Does anyone think that the tragic murder of Seth Rich could possibly be a hit by the DNC or someone associated with Hillary Clinton
411866,Can women have an orgasm through anal sex
411955,What is a fact that everyone should know
411961,Is artificial consciousness possible
411996,How smart was Steve Jobs compared to Mark Zuckerberg
412155,What are your thougths on David Lynch
412202,Who was your favourite teacher in school
412288,What is the way to become a dental hygienist in the USA after doing a BDS from India
412592,Whats next after the Internet
412812,How do I treat a dog with hiccups and vomiting
412826,What prevents me from studying
412868,Will China start a war in the South China Sea
412890,How do you prevent sunburn peeling on your face
412959,What are some basic things every Indian must know about tax in India
413060,How do I protect myself from a sociopath at work
413146,Why exactly was JFK assassinated
413154,How why and when did World War 1 start
413181,How can I improve my sleeping pattern
413228,Why are higher altitude places colder
413332,Was Stalin a hero
413363,How can Visa gift cards be used on eBay
413410,What are some of the fastest animals
413428,Which according to you is the best Steven Spielberg movie
413432,What are the best batman stories
413550,How do you track social media traffic
413566,When will we find out who will be president
413649,What are some of the top webinar tools
413716,What is the best way to avoid your ego
413967,What plagues you the most in your business as an entrepreneur or solopreneur
414009,Why cricket is so important in india
414100,What are the most evil acts in history
414151,What causes razor burns
414284,Which is the best mobile in the range of 15000
414474,Why are there so many prescription drug commercials Are these as common outside of the US
414497,Can I move from sales to marketing
414607,Is there anyone else who finds Sarah Sjostrom breathtakingly hot
414787,What do you do on rainy days
414865,What are the mathematical prerequisites for studying machine learning
415029,What is a fun board game to play with only 2 players
415031,Can karma as a concept be scientifically proven
415094,Where can I get ketamine for depression
415178,Which country offers the best MBA program with affordable fees and cost of living
415385,Who is stronger Vegito or Gogeta
415471,What is the best diet during menopause
416078,What are the plans timetable and sources methods do I need to develop the organisation as a director of 400 bed hospital
416116,What are some of the greatest movie scripts floating around
416227,Why did the Undertaker retire from the WWE
416272,How do I read history books
416302,Have you ever met any prodigy
416325,Are there any good places to learn how to dance salsa andor bachata in McAllen Texas
416702,Which is the best book for understanding Indian stock market
416944,What are the best companies for a civil engineer
416945,How should you confront a liar
416984,How do you test an iOS app thoroughly
417116,How are fossil records able to support evolution
417192,What is the future of Ethereum cryptocurrency
417435,What is the best way to understand oneself
417714,How do you save someones picture on Instagram
417815,How do you quell negative selftalk and keep moving forward
417860,Which is the best porn that you have seen
417942,How did Gods of Egypt get greenlit Whats the backstory of how the movie got made
418321,Was jerry more jerk than tom in Tom and jerry
418423,What would happen if Kim Jongun died
418480,How is residual volume calculated
418660,What is the twin paradox
418732,How is Reliance Jio Service
418754,What is the best way to manipulate others
418781,What should one eat after workout
419323,How does Outback Steakhouse cook their food
419352,How do I develop good project management skills
419366,What is a ketone
419567,What is the difference between engineering and technology
419568,What are the differences between Computer Engineering and IT Engineering
420779,What motivates you to keep moving
421465,What is the most important question I should be asking
421651,Will drinking Coke after food help in digestion
421785,What is the reason behind evolution
421804,What is the best laptop for college students today
421874,What are some basic factors to consider while choose stocks if Im new to stock market
421926,Can a dependant visa holder work in Ireland
422013,Why was india not islamised completely and how hinduism survived close to 800 year rule of muslim rulers
422133,Is my life is really adventurous
422221,What do people think about the iPhone SE
422237,What do you do when you miss your old shoes
422277,Who are Mona punjabis
422348,What are some mind blowing life hacks that most people dont know about
422360,What are pros and cons of using internet
422602,What is the best way to kill a mosquito
422825,Which one is the best landing page service at 2016
422913,Ive told my friend who I have been intimate with I have feelings for him he has said we need a break over the holidays to think Should I be worried
423298,How do I improve my time management
423378,What is it like to attend Tufts University
423399,How many days can I survive without food
423417,Why are satellites launched from east coast
423424,Where can you find X01 Power Armor in Fallout 4
423535,What is the best threeday itinerary for Singapore
423569,Is Narendra Modi gay
423571,I want to start reading a book maybe fictional or non fictional Which book should I start reading
423865,Where can I get the Sherlock Holmes puzzle
423897,How useful is operational research in finance
423959,I have 15 months left for JEE Can I get into an IIT if I pledge to work hard from now Possible
424233,What is the best suit watch for under 10000
424321,What can cause chattering teeth in dogs
424420,How do I gain a following on my blog
424613,How is a barometer used to measure air pressure
424703,What will happen if Google servers went down for one day
424817,How will I turn my life around
425080,Are there any card games more complicated and strategically analytical than Go the board game
425160,Can animals ask questions
425244,Earth Science Where is a Matlab land mask function for landwater grid cells on a 180x360 grid of the world
425304,Is there a scope of SEO in India
425692,What part of the brain controls balance and coordination and how does it do it
425731,Which fruits or vegetables should be eaten regularly to get vitamins
425944,What are the incarnations of lord Krishna in kaliyuga
425967,What are some ways of recycling staples
425991,What is reinsurance
426141,Will Trumps victory affect the Indian students in the US
426293,Which startups should Google acquire
426300,What is the difference between hydraulics and pneumatics
426563,Planetary Science What would happen if you stood on Jupiter Would you fall into the core since it has no physical surface
426742,Are bodysnatcher aliens real
427054,Does the New Testament of the Christian Bible actually instruct us to disregard the Old Testament
427218,What is the most frequently misspelt English word
427448,What makes you enjoy your life
427480,What is the most unexpected things paradox you have saw
427595,How do I set an Armitron watch
427803,What is nuclear fusion How can you describe the process
427871,What are the countries that celebrate Holi guys
428026,What do you do when you wake up completely in the middle night
428061,What is the reason my answer collapsed and my appeal rejected with no further appeal allowed
428097,How do I have hourglass figure
428201,How introvert would be good at sales
428376,Why is there a picture of potato and a sentence saying sorry for the long post heres a potato in 9gag What does it mean
428509,What does it feel like to study psychometrics
428682,Do females ejaculate
428695,What if you hear goddess durgas voice in your dreams
428702,Is grammar important while you speak English
428860,Why do so many Quora questions have poor spelling and grammar
428947,How do I calculate percentile
429150,Can I leave at layover airport without cancelling the ticket for a domestic connecting flight
429459,Can you live without brain stem
429819,What can I do as an individual to control pollution in Delhi
429844,What career path should I take and what college major is the most appropriate
429858,What are some places a girl can visit in India if she plans to go for a solo trip
429926,How can I get smarter and higher IQ
429958,What are the best YouTube channels for software developers and programmers
430069,Why does everyone on Quora seem to be ridiculously successful
430132,Why are women sensitive about age
430181,Why has the Indus water sharing treaty between India and Pakistan survived wars and terror attacks
430340,How do I improve thoughts
430631,How would you define the real talent
430649,Do you like Chinese people Why
430816,How many calories would you lose by walking for an hour
431209,How often can I donate blood
431220,How do I remain proactive all the time
431637,Are there good Individual IAS preparation classes in Pune
431852,What can you use instead of tin foil
432050,Why should I vote Gary Johnson in 2016
432283,What countries will benefit the most from global warming
432350,Where is the best Blue Star air conditioner service center in Hyderabad
432528,Why is statistics calculated from raw data more accurate than statistic calculated from a frequency table
432547,How do I deal with abusive teachers
432588,Which is the best accounting software in Malaysia
432700,Can colourblind people dream in colour
432748,How the government of France changed between 17891815
432829,Whats the difference between capital expenditure and revenue expenditure
432947,What are some of the best ways to spend our time wisely
432994,Which are the best open world games for PC
433279,Does anyone understand why the first step towards immigration is having a sponsor
433365,What is the greatest hack ever done
433370,Do police officers render first aid to people theyve shot
433678,Does it mean Im still going through puberty if I am still growing a bit of hair on my chest and darker thicker hair on my arms
433746,Why did God or whoever created life on this planet create only two genders
433851,How do I become a taste tester on The Cooking Channels Foods Greatest Hits
433953,Is it too late for a 28 year old to go to college
434016,What are the effects of taking a shot of espresso
434119,What is the most unusual gift you have ever received
434128,Why does God need our worship
434156,What is the net salary of assistant system engineertrainee in TCS In the offer letter it is mentioned as Gross Salary and not CTC Plz help
434232,What is the easiest way to improve the strumming pattern on the guitar
434341,What  is the working logic behind Mobile Wallets
434447,Should we read the books first and then watch the movie or watch the movie first and then read the books
434527,Why is Australia so expensive to live
434532,How can I learn how to talk to people
434549,How effective are IP address blockershiders for Mac
434732,Can you change your eye color by hypnotizing yourself that you have a different eye color
434773,What are 10 must read books or series
434815,How was your experience looking for a sperm donor or donating sperm
434850,What are the Democrats beliefs How does it differ from the Republicans
434995,What were Hillary Clintons mistakes that led to her losing the election
435096,Does masturbation leads to std
435275,Do you believe psychopaths are superior to empaths
435377,Why did Ellen DeGeneres get the medal of freedom
435379,What was it like working with Johnny Depp
435424,Is Modis Swachh Abhiyan working
435467,Can reservation for backward cast be cancelled
435484,How can I make money with Facebook traffic
435699,How real are television cooking series like Chopped or Cutthroat Kitchen and how does people win in those shows
435858,What are some interesting things to learn in psychology
436009,What is the best way to travel for free
436045,Can wine be a word that describes philosophy as a whole How
436072,Is there any pick up artist bootcamp in India
436272,What are some good high school computer science research projects I can do
436338,How do I prepare for IIT JAM MATHEMATICS 2018
436476,What is the safest city in the United States
436587,How will you understand what do you want life
436698,Why is Fibbonaci series important
436783,What would your husband do if he found out you were cheating on him
436893,What are the best ways of gaining fat
436916,If Pakistan mounts a 2611 type attack again how would the Modi govt react
436977,Why are so many former British colonies not hostile to England considering the history of how they became colonies and the residue the English left
437025,Which is currently the best rom for Redmi 1s
437104,Which country was conqueredoccupied the most throughout its history
437123,What is best vegan food in world
437230,Is he cheating on me
437493,What if my guy says he is possessive but nit insecure
437568,How do I detach myself from my emotions
437725,How do you know if you are a good person
437766,Revenge is good or not
438026,What is the difference between rote learning vs meaningful learning
438076,How can you put Windows OS on a Mac
438158,Are there any benefits to having a short sleepnapsiesta during the day
438403,Why was the screenshot feature was invented
438416,How can I advertise my website for free
438471,Why are ParaOlympians of India winning more medals than other Indian Olympians
438515,What are the major and most important agents of socialization
438641,What equipmentcrew is needed for a lowbudget film
438749,How can I crack gate 2018
438928,Which country are the trustworthy allies of India
438968,Are anabolic steroids really dangerous
438994,How do you rebuild credit
439132,Is it safe to feed a cat tuna in oil
439157,Is it a good idea to never open the lights in the evening to avoid blue light from interfering your sleep
439306,What irritates you the most
439426,Why Muslims are so much religious as compare to other religions
439460,Which are the best new songs
439736,How safe is to eat potatoes that have sprouted How is it different from eating a normal potato
440134,My 7 year old son has anger issues What can I do
440163,How are the Emergency Alert System tones produced and what do they mean
440292,How do I apply Derma Gieo Serum
440351,In regards to gaytransgender terminology what is a twink
440434,Can you buy weed online
440504,What are some examples of websites with great design
440524,Is Reliance Jio really providing calls for free
440571,Can a person file a Patent or a Copyright for a Mobile Application in India  If not then how can he protect the theft of the concept of the application
440634,What are some excuses for being late
440754,What are some must know youtube hacks
440854,Does hair dye increase your risk of cancer
440909,What are some of the shameful facts about Barkha Dutt
440989,Who was Lilith in the Bible
440994,Why isnt Reliance into the automobile industry
441087,Who is a better singer Arijit Singh or Atif Aslam
441123,What are the consequences of ingesting dish soap
441184,How can I see who likes a tweet on someone elses account
441360,What is your favorite song sung in a language you dont understand
441374,What do you think of the film Clinton Cash
441410,What are some examples of evils in society
441457,What are some of the most epic movie scenes
441534,How much time would it take to learn a new language
441600,What are the cheaper ways to book a flight
441652,What are the health benefits of doing pushups everyday
441695,Which is the best government medical college in India
441944,How do I do well at the World Scholars Cup
442087,What are the top 100 books must read
442188,What is the Explanation of double slit experiment
442292,How do I get Jimmy Wales to answer my question on Quora
442319,What are some of the most useful inventions made recently
442421,How could I work for Riot Games or Blizzard
442433,How can I get rid of discoloration and scars from acne
442481,What is the best gift you can give to your mother
442539,When are we going to run out of helium
442584,How do t create a blog
442599,How and when man started wearing clothes
442660,Which is the most profitable bussiness
442741,How do I write a eulogy
442800,What is the chemical formula for milk
442807,What could cause black tarry stool in dogs
442893,How do I cancel my UK visa application
443087,How fast is the earth now
443419,Why do so many porn actresses have significant tattoos
443490,What do we mean by sun
443583,What are the most recognized flags in the world
444168,How do I become a great violinist
444301,What are the best techniques to trigger ones own divergent thinking
444312,How can I know if my wife is a virgin
444385,How can I make enormous wealth through internet
444523,What is the intermediate value theorem How do you find it
444616,Is it necessary to go to gym to get good looking body
444722,Who are Teslas competitors
444723,What are some ethical hacking tools
444837,Who is answering the questions asked on Quora
445093,How many times can someone fall in love
445123,Why do we need someone to share our feelings with Why cant we share our feelings with ourselves
445140,Why is biodiversity considered important to humans
445247,What are some job opportunities in the USA after an MS in mechanical
445272,The bond angle of Sulphur dioxide is greater than that of Ozone Why
445412,What is the advantage of AC current over DC current
445424,What is a Support Vector Machine
445557,How can one come to know their passion
445601,How do businesses scale up
445643,Whats the most impactful thing I can do as an individual to prevent global warming
445938,What are good safe Internet dating sites
445957,What is the most reliable solution for gapped teeth
445996,What is the best way to prepare for IELTS Exams
446175,How would I know if I am in love
446406,Will humans ever create energy from mass or vice versa
446808,Should I buy iPhone 6s now or wait 10 months for the 8
446932,How can I use Google Voice on my Android phone
447011,How can I make website designer and change his line I doing email marketing
447158,Why is India very bad at Olympics and soccer despite a large population
447301,If helium is running out why are we still allowed to waste it in party balloons
447411,What are the key challenges and risks Google currently faces
447464,Who was Aristotle What were some of his teachings and beliefs
447518,How can I get abs in a week
447528,Why doesnt Boeing build a fully doubledecker aircraft
447643,How do you think of Chinese claims that the present Private Arbitration is illegal its verdict violates the UNCLOS and is illegal
447746,What is the reason behind appointing VIjay Rupani as a Gujarat CM
447805,What is the moral in the Little Red Riding Hood What is the significance of its message
448064,Why do students hate examinations
448099,How did Lord Krishna die
448207,How many paying customers does Tinder have
448414,What is it like when your child suffers from depression How have you dealt with it
448498,Is Nodejs single threaded
448507,How do I plan a trip
448532,What is the best male enhancement pill on the market
448630,How does ginger ale help with an upset stomach
448808,How do I publish my book free of cost
448927,Where can I get bikes on rental basis either in Kozhikode or Wayanad
448936,I would appreciate a thorough and complete answer to the following question What is EQ and how does it relate to IQ
449033,Have you seen someone having sex in public place
449117,What are thematic maps What are some examples
449475,Is there any limit to friendship
449900,What are your 10 favorite songs of all time
449986,What is Robert Frosts favourite comic book character
449996,What programs are used to make the first programming languages
450105,Make in india and made by india which one is better and how
450129,Why are handicraft popular
450254,How is it to live by yourself
450313,What are your favorite Linux distros
450352,Which Indian politicians are on Quora
450370,How many lines of code is Quora
450634,What are some examples of leading edge technology
450695,How many faithless electors are there are right to stop Trump from becoming president
450798,What dramatic changes will happen in the world if Donald Trump becomes president
450806,Whats the difference between Hemp and CannabisMarijuana
450868,What can I expect for freshman year in college
450979,What are the treatments for OCD
451023,What are the best project management books
451085,What is the best laptop to buy in and around 70000 rupees
451092,What is a survival instinct
451340,What are some good mma gyms in delhi
451350,What should I do if my Acer monitor isnt turning on
451404,What is the dumbest thing the US government has ever done
451433,How accurately do MyersBriggs personality test results describe a person
451704,Why did oil prices fall again in 2015
451872,Why dont Indian men take no for an answer
451910,What do the hammer and sickle mean
452097,How do I apply for the passport
452224,What did the Council of Nicaea accomplish
452547,What is a summary of The Loss of the Creature by Walker Percy
452600,What is a good thing to invest your money intodo with your money when your a teenager
452606,What is the best method for clearing IELTS
452823,What is the business model of a wine shop in Mumbai
452888,What is an alternative way to log in to Facebook
453349,What is lead bank
453935,How do you deal with impossible people
453947,How should you treat constipation at 5 weeks of pregnancy
453968,Noida 77 to Noida city centre public transport
454056,Can a Moto G4 Plus battery be replaced
454146,Does waxing reduce hair growth
454365,Where are some nice areas to live and work in England for a doctor
454530,Who can win the US presidential elections
454828,How does Argentina celebrate its Independence Day
454939,Which is the best biographical book that you would label as a must read
455192,Is Manhattan a good place to raise children
455261,Why am I always tired
455442,What are some of the worst business decisions of all time
455580,What is non proliferation treaty
455945,Who is the best bodybuilder
455980,If Mr Trump becomes the next American president how is it going to affect IndoUS relations
455981,What should I do to make my parents understand me
456033,What is the most brutal type of martial arts
456059,Do you have a sugar glider and if so would you recommend it as a wonderful pet
456165,What does it mean to get out of you comfort zone
456185,Whats the Illuminati  Free Masons And whats their relation to Zionists
456277,What are some mind hacks
456443,Do you think China is a developed country
456547,How to set a timer on an iPhone camera
456689,How can you overdraft your bank account with your debit card at an ATM
456697,Are past karma the only cause of ones sufferings
456829,What are some interesting facts about your country that few people know
456916,When will India rule the world
457325,In what ways can we tackle terrorism
457523,How do I check if Im blacklisted by Malaysian immigration and barred from entering Malaysia
457579,Is the Tejas or JF17 a better replacement for the MIG21 F7s
457832,Is it hard to learn the violin
458008,How can I become fluent in Spanish
458052,What is some interesting activities to be done during Chinese New Year
458088,How do tides occur in oceans Why dont they occur in rivers lakes etc
458115,What is the debilitating condition where files are stored as clusters scattered all over a disk
458170,What could happen if I drove before I got my license and I got pulled over I have my permit
458294,How can you tell if someone is a racist
458303,Is Nicotine naturally in tobacco
458490,What are the examples of people who skipped school or were bad in studies and are successful now
458500,Why was the 12th amendment added to the Constitution
458909,How many doctors in California perform house calls
458910,What are the most crazy things you did while in college
458986,What are some best sites to learn Ubuntu Linux for free
459161,What are the different types of gases
459175,How can I get rid of a virus blocking my internet connection
459297,How do I get in contact with you
459520,What are the sexiest pics to you
459628,How do I delete my Zoosk account
459790,Do you think life is unfair if so why
459916,What is the correct procedure to replace a battery in a Fossil watch
460082,Has anyone ever visited Bangladesh If yes hows your experience
460118,Should you treat people fairly
460164,How can you deal with verbal abuse from a mother
460250,Why do women nag
460376,How do we know our calculation of the value of pi is correct to as many digits as weve calculated it to
460864,How dangerous is the swine flu
460941,How different are the Dutch and German languages
461116,Why is everything change in every person
461273,What are important features of ecommerce software
461277,What is a laymans explanation of the Solow growth model
461365,Battle Tactics How does one set up an effective ambush
461375,How are donuts made
461389,What are some good books to learn Korean from
461655,What is your thought about India in one line
461780,What does the Google Maps traffic estimated travel time range represent
462060,How should you tackle back log in all three subjects when preparing for IIT
462107,Why is my dog so cute
462198,Is there Genuine Online form filling part time jobs available
462291,What are the best things in Pune
462423,Why is my flaccid penis so small but when it erects it becomes bigger than average
462489,How can you treat an allergic to beets
462662,What are the roles and responsibilities of the technical branch officers in the Indian Air Force
462704,How aggressive is china
462762,Why cant I comment anonymously on Quora answers
462802,What is Narcissistic personality disorder
462912,How can I become emotionally independent
462932,What are some movies that make you think twice
463034,Should I give up on my dream as a entrepreneur
463136,What are the top 10 things that Indians do not know about India
463167,How do I get into Harvard Law School
463266,What happens when cotton burns
463375,What are the pros and cons of thr Unity 5 Engine
463440,What are the best mangas of 2016
463588,How were gas masks used in 1940
463729,What is the wedding trend for 2017
463819,What is your million dollar idea
463857,How do I choose a topic for paper presentation
463932,Which countries have the least respect for copyright laws
464049,Can I play GTA 5 on I 3 processor with 4 gb ram and 200GHz prossesor
464282,Why is Panda Express considered a fast food
464338,What is the DunningKruger Effect
464392,What are the health benefits of eating raw cabbage
464445,Why two wheelers are having petrol engine only and not diesel engine
464516,Would you buy an iPod nano or iPod touch Which one is more worth it
464575,What are some of the best supercars for adrenaline junkies
464771,Why does my butt bleed every time I poop
464804,Is Modi selling India to foreign companies in the name of development
464833,What does Jimmy Wales think about the prime minister of India  Narendra Modi
464876,What is the main goal of a government
464890,How do I tell my parents I need more privacy
464991,Would you vote Peter Thiel for POTUS
465014,How can people vote for Hillary Clinton although she is too disingenuous
465085,Why do you watch Doctor Who
465251,How did the classical mechanics fail
465347,How do Westerners think about Chinese people
465372,What are the ways to make one million dollars
465388,What are some mind blowing facts about United kingdom
465453,Why does palm oil unhealthy
465572,Is there anyone who secured 45 marks in GATE in last 3 months preparation
465665,What are Best books for UP state PCS exam
465808,How does it feel to have a Elder sister
465914,Do women like being gang banged
465966,Why do some people still believe the possibility of time travel
466009,Dress code for interview at Amazon
466147,What is the biggest problem in India Who suffers the most in India
466200,What is coding used for
466741,What is an intuitive explanation of Eulers identity
466771,Do the old people set good examples in society
467012,How can I make AutoCAD as my career
467147,What are the best payment gateways in India
467190,What are the most popular publications in the investment
467218,What should be done after you just buy a used car
467567,Which sunscreen is the best and why
467795,Whats the relationship between law and sociology
467835,What are the differences between learning from reading Quora posts vs reading books
467878,How can we understand the programs in computer science
467941,How has technology changed Italy
467970,My 10 yr old often does things he knows are wrong Is this normal Its not stuff when hes angry through impulse its when he is calm on a normal day
468076,Which is more important career or marriage
468085,What is difference between true love and attraction
468116,What was your experience with LSD
468232,What are some tips to stop your car from overheating
468388,What is the best mistake of your life
468436,Is World Food Programme a good charity Why or why not
468496,How can I change college in 2nd year
468662,Does the files sent through share it have less resolution
468709,Can you make money writing erotica and if so how
468728,What is the difference between a machiavellian and a sociopath
468886,What are the different versions of Visual Studio and what are their differences
469104,Why is gelatin made of pork
469407,How do we memorize anything
469466,What all can I take up after 12th
469536,How do you train a razorhead Pit Bull puppy
469567,What makes a perfect answer
469582,What should I do to be a good translator
469714,Is it possible to get cure my OCD  anxiety completely If so how
469787,How can I migrate to the UK
469915,Should I visit Ubud Bali during the rainy season
470052,Why are divorce rates high in the US
470095,What is the function of cladding in a optical fibre
470105,Who do you think will most likely survive Game Of Thrones
470441,How do you spot a lier
470472,What are the main provisions in Indias Foreign Trade Policy and its Implications
470494,What is the best way to teach kids saving and investing
470536,What exactly is affiliate marketing
470669,Why are maps important
470803,Can cannibus help fibromyalgia
470888,How can I increase my verbal ability
470904,Why dont my questions get any answer
470944,What is some easy open source projects on Github to contribute in Java
471025,What are the cons of being a psychologist
471070,What was the first computer built with
471293,How pmjdy is beneficial for country
471311,Do you choose to be gay or are you hard wired to be like that
471725,Why do big meteors usually fall on non populated areas
471755,What is spreader beam
471861,Could Donald Trump start World War 3 And if so how hard would it be
472046,What is it like living in Finland
472167,Why is atheism not recognized officially in India
472229,What are some ways to quickly drain your phone battery
472305,Who do you think played Batman better
472359,What product should I use for my hair
472396,What should be the strategy for JEE mains in last 3 months
472517,What is the material used in Indian currency
472832,What is the difference between wires and cables
472990,How do you run fast with the ball glued to your feet
473343,Should graphic designers learn Python
473361,Isnt Donald Trump the logical culmination of where Republican politics has been heading for many years
473568,What is happening in Venezuela and why
474068,Why do I get upset when I see white girls with black guys but not with any other human being
474169,How does Quora choose its Top Writers
474221,What are the top university in USA for embedded systems
474254,What are the most interesting places in the USA
474272,What are the best car songs while on road trips
474284,How do I appeal a Quora Moderation decision
474307,How do I start preparing for ias step by step for prelims and mains
474408,What really caused Japan to surrender in WW2 the atomic bomb drop of Nagasaki or the Soviet invasion of Manchuria
474430,How do I get friends with benifits in India
474662,Are there colleges in India which offer Biotech Courses to PCB background Students
474690,What is your happiest memory
474929,What are the best SEO technique
475105,How can you describe the parts and functions of a nuclear power plant
475187,How do I get rid of mouse in my hotel
475359,What programming language do people hate the most and why
475531,What is the importance of political correctness
475538,How can I get the best of Quora
475671,Which CRM software is best for small business
475701,What are some of the best ways to make a great first impression in a job interview
475821,Which are the best thriller movies in English
475958,Where do you see yourself five years from now
476016,Why did the Communist Party of India split into CPI Marxist and CPI
476344,Should I tell my parents Im an atheist
476356,What are some ways to sign in to Microsoft Outlook
476393,How is it feels to climb Mount Everest
476410,When does a week start and end for the current withdrawal limit
476589,What are some movies like The Pursuit of Happyness which give a great satisfactory feeling at the end and also have some lessons for real life
476959,How was your experience of ACMICPC World Finals
476983,How do babies think if they dont know language
477064,Can India really avoid Chinese products
477080,How do I make my application to NYUAD stand out
477490,Why do people on Quora just copy stuff from Google and answer
477569,Will there be any problem if I stay in a hotel with my girlfriend in Nanital India
477583,Should laws be made to increase punishment for sex offenders
477695,What comes out of vagina during sex
477783,What are the best poker rakebacks sites
478000,Can guys with a small penis enjoy sex with a women
478186,What is one sentence you remind yourself of in order to stay positive
478408,Am I pregnant or not
478416,What is the best specialization for ECE students to do an MS
478471,What is it like to work for the suicide hotline
478514,How did Doctor Strange 2016 movie get greenlit Whats the backstory of how the movie got made
478520,What might be some classified information of the US that even the President doesnt know
478550,What classical sources do Greek myths originate from
478605,How is the neurological disorder known as chronic inflammatory demyelinating polyneuropathy CIDP identified
478774,Which is the best University in Pakistan Where do they stand compared to IITs
478789,How do I ask a girl from Snapchat out
478887,What do NSITians think of NITs
479004,Why am I so traumatised after narcissistic abuse
479137,How can I lead an independent life
479145,How does GST curb black money in real estate transactions
479278,Is it easy to find a real friends on a social networking websites
479378,Does your name have a meaning What is it
479401,What is the best remedy for erectile dysfunction
479464,Whenever I move or stand up I see black spots and feel dizzy why is this happening
479521,How long to cook a 14 pound turkey
479561,Whats it like in the IDF
479635,What is salary of prime minister of India
479656,Whats a recipe to make pancakes without milk
480014,What are the home remedies for migraine
480043,How can I love studies
480060,Do you eat breakfast Why or why not
480219,What skills would you say a content strategist needs to be successful
480276,Can Japan sue USA for genocide in Hiroshima and Nagasaki
480335,What time do you go to sleep and what time do you wake up and why
480408,How can I reset a motherboards bios password
480420,What are the best wineries in Napa Valley
480646,What position should I play in soccer
480856,I am a 21 year old student in Mumbai I am a good driver Is there any means of earning money as a freelancer by driving on weekends
481133,What are some books for JEE ADVANCED 2016
481442,Are you guys perceiving the same Is the magnetic North Pole of the Earth at the aast now
481692,Are porridge oats the same as rolled oats
481961,What are the best travelling blogs
482168,How does guys lose their virginity
482189,What are some of awesome facts about Indian constitution
482208,Is getting married really necessary
482241,How can I follow someone on WhatsApp
482273,What is a good question to ask your girlfriend
482680,Which are the best IT colleges in Australia
482715,How can I use my good looks
482940,Why do our eyes blink
483017,What is hacking and how does it work
483095,How do I score full marks in topography geography ICSE
483340,What will govt will do with those old 500 n 1000 notes
483646,I am 20 and my penis is 13 cm is it considered small and will it grow bigger
483840,How can I increase my website page rank
483871,Whats the meaning of divergence curl and gradiant
483888,What is the future of MLM in India
484230,Was Columbus Jewish
484363,What makes Google better than other search engines
484367,What is the best way to study for a JEE
484622,Is being nice to other people generally considered a sign of weakness
484680,What is Dark energy
485259,If given a chance to go scotfree whom would you wish to kill and why
485350,How do I make myself start working towards my goals
485502,What is the best way to prepare for the future
485517,What is it like to have a gang bang
485655,Why is Game of Thrones so successful
485698,How do I overcome my fear of facing my results
485800,How can I make a post on Quora
485870,Why do you hate Halloween
485928,What are some innovative and useful Java project ideas
485942,What are the best tourist places to visit in Hyderabad
486163,How does Descartes understand body
486371,Scary Situations What is the scariest thing youve ever seen
486390,Why cant I forget my girlfriend
486501,What are the differences between a BB and an Airsoft gun
486543,What are examples of three polysaccharides
486744,If you knew you were going to die would you choose hospice care and why
486790,How hard do billionaires actually work
486804,I am in love with myself What should I do
486877,What is the best thing you have done on your first night after marriage to turn on your partner
487103,What are characteristics only red blood cells posses
487934,I am 27 years old with a salary of 40kmonth How should I invest my money every month if my savings are 30kmonth
488070,How can I make my day very useful
488194,How much time does ETS take to post GRE scores online Do they do it in less than 1015 days
488236,What do you think to Google adding fact checking to its news feeds
488366,Are Muslims in America worried that President Trump will ruthlessly crush Islamic terrorism
488429,Can we manipulate the law of physic
488500,What is the difference between implicit and explicit
488509,What is an example of a genotype
488546,What is network marketing and how does it work
488641,How is Pulsar 220
488697,Should teens have privacy
488764,What is the easy way to get money
488984,What is the average time one needs to prepare for the IAS
489017,How the scope of big data analytics and from where to do
489247,How do I  become professional programmer
489292,Why are people given multiple life sentences
489439,How hard is it to learn Latin Is it worth learning
489529,How do startupscompanies find their first set of customers
489540,Has anybody seen ghosts
489556,What is it like to be a girl in India
489622,Are we heading towards another cold war
489715,How does Quora search work in comparison to Google Search
489718,Is the second sentence of the UNCLOS preamble missing an are
489780,A machine gun has a mass of 20 kg It fires 35 g bullets at a rate of 400 bullets per minute with a speed of 400 ms How can I calculate the force here
489946,I like this boy in my summer school how do I talk to him
490081,What are some subtle signs you realized your antidepressant was working
490116,How do you view all the tables in SQL
490570,What are some ways to profit from a Trump Presidency
490573,How do I get over a longterm relationship breakup
490582,Who are the best fashion social media agencies in Australia
490646,Where can I score pot in Delhi
490754,Why can we say that the book Bonjour Tristesse is amoral and cynical
490973,Do we need to prepare a CV to get admission into Bschools
490981,Why do guys get attracted to a girls legs
491090,What is the best operating system for the typical user
491263,How do businesses use social media
491265,Can Bernie Sanders still run as independent if the DNC nominates Hillary
491416,What do Koreans think about India and Indians
491507,How does a mechanical pencil work
491515,How important is your credit score
491708,How can one make their holidays more productive
491736,What is the role of Brijmohan Agrawal play in BJP Chhattisgarh
491774,What should I eat immediately after workout
491788,What is a bleaching agent
491815,How did the Jeep brand originate
491922,What are some of the best gadgets for your Car
492516,How bad is Orange Chicken for you
492657,What is a list of interesting banned books
492896,How has Quora made your life better
492960,What is the fee structure of BIT Sindri
493081,How can one get the neighbors dog to shut up
493098,Is joining in running club helpful
493146,What is an observation
493318,Why do people hate furries
493420,What is more important on Quora to ask a question or to answer one
493716,Whats it like working in an animal testing facility
493926,Is it true that black people were members of the KKK
494092,How effective is wooden flooring in Delhi
494119,Why is my Yahoo sign in failing
494140,Should I become a doctor or lawyer
494277,How do you fix a 169 IP address so you can get online
494402,What are disadvantages of a love marriage
494430,Is Danlaw Inc Bangalore a good company to work for
494546,Does plucked hair ever stop growing back
494555,Whats the smallest country
494711,What is the success ratio using Xamarin to develop native mobile applications
495026,Whats the best way to eat pancakes
495106,Why has Narendra Modi made 500 and 1000 notes invalid
495123,How was kettle corn invented
495130,What is network server
495208,Who plays George Steinbrenner on Seinfeld
495606,What is difference between content writer and technical writer
495709,How I get my redeem code
495927,What are mixtures What are some examples of this
496062,Will there be another Indiana Jones movie
496105,Why does the sky appear to be green when there is an impending tornado
496316,Whats the difference between voter apathy and voter fatigue
496369,How do I maintain our face clean and oily less
496409,I currently own a iPhone 6s Plus and everything works fine whats the benefits and incentives to upgrade to iPhone 7 Plus
496786,How do you safely use the broiler gas on the oven
496827,What is Tips to Help Your Children Cope With the Transition of Moving and Relocating
497007,Why is attempting suicide a crime
497036,How can you make money using social media
497099,How do I find out if my son is gay
497484,What is it like for a woman to have large breasts
497536,What are some of the applications of Machine Learning in RoboticsComputer Vision
497847,What is the difference between mixtures and substances
497886,How can I make a girl fall in love
497940,What are the differences between buying products from Amazon and Alibaba
497999,How is life for a fresher at Cognizant
498167,What determines which type of ad I see before a YouTube video
498169,Is it worth learning Linux
498431,Does it mean that when a adult walks on their tip toes that they could have Autism Can it just be by habit
498607,Why do hatchbacks have a rear window wiper but sedans dont
498719,Do Mormons really believe that the Garden of Eden was in Missouri If so why
498868,How can I get better to my writing
498875,Why didnt Stalin attack Yugoslavia when Tito broke with him in 1948
498920,What is the requirements of pan card
498968,If superconductors have infinite permeability and permittivity then do they have infinite energy since E  12 μ Hmath2math
498972,What is globalization What are the pros and cons
499294,Should the UK become a republic
499318,How can I improve my positive thoughts
499665,How do I disguise a proxy site
499773, Failures haunt me all the timeHow do I cope up
499832,How does it feels to have a Indian sibling
500209,How many hours should I charge my new Vivo X7 first time
500309,Why should everyone celebrate Holi
500359,What will happen if India violates Indus water treaty
500459,What are the positives of C
500596,What are some great Jager mixers
500672,How do I publish an article
500789,Why does my Frigidaire refrigerator leak water
500797,What is the use of Quora
500888,What is the main difference between the iPod Classic 6th generation and the 7th generation
500917,Does a dead body decompose in space
501407,What do you think is your best answer on Quora
501689,Whats the most secure web browser
501988,I am pursuing MBA in Finance from one of top BSchool in India is Investment Analysis and Portfolio Management an important subject for placements
502028,If someone asks if you are intelligent whats the best way to answer without sounding conceited
502081,What causes muscle contraction
502117,Philosophy of Everyday Life All that happens actually happens for good Jo hota hai achhe ke liye hota hai Is it really so
502306,Why is one nostril always blocked
502337,Id like to learn to make games using Unreal Engine What is a good starting point
502672,Why there is no team from Tamil nadu in pro kabbadi
502732,What is the difference between vector and arraylist
503373,What is that thing which girls do once in lifetime and that same thing boys do every day
503438,What should I do to improve my problem solving skills in greedy algorithms
503457,What is the difference between tangible and intangible
503494,What mobile phone does Elon Musk use
503508,What is Iran nuclear deal
503558,How and where does protein catabolism occur
503720,How do I make sure that I stick to my goals
503743,What is the best way to tell somebody that you know they are lying or have lied to you
503873,How is the internet facility at LNMIIT
503888,Is any cricketers there on Quora
504316,What kind of jobs do international undergraduate students get in USA
504357,What are the joys of exercises
504628,How can I get an internship in IT sectors in India
504646,Is there a way for me to change certain traitsaspects of my personality
504674,What Amendment allows you freedom of choice What does it say
504802,What are octane boosters
504862,Where is the best burger in the world
504959,If this headline Secret CIA assessment says Russia was trying to help Trump win White House is true then what is or will be done about it
504975,What are some examples of singular common nouns
505090,Do professional soccer players masturbate
505106,Why should one get married
505122,Is it necessary to have a goal in life
505154,What is the role of a brand manager
505339,What is a Nuns life like in 2016
505405,What are some of the coolest projects on github
505499,How can I get rich online
505742,What is cause of my car steering wheel vibrate when im running
505778,Travel Tips Where should I stay in goa if I want a lifetime memorable experience
505896,What is volcano
505907,Can I get pregnant after two weeks of my periods
505948,How many states in America wanna be independent
506090,How do I choose what to write an Ebook about
506342,How Turks of Turkey people feel about Turks of Azerbaijan
506543,How do I know if Im an extrovert or an introvert
506555,In your opinion what is are Freeman Dysons best books and why
506761,Do I need to be able to draw to become a fashion designer
506801,Where can I get best plaster repair services in Boston
506948,How can the traffic problem be solved in Mumbai
506987,Does Apex Vitality Booty Pop Works
506990,What is genetic modification What is it used for
507010,Which chain offers the most delicious pizzas Dominos or Pizza Hut
507015,What places can a single woman travel to alone
507229,What are the different levels of college degrees and how do they differ
507704,Are floppy disks still used today
507771,What should I know for my first international travel
507888,What monitor setup do Google software engineers commonly use at work
507978,What is the most deadliest insect in the world
508508,Which are good CADD centers in Chennai
508527,What programming languages should I learn to build a prototype of an app like Instagram
508686,What is the best Antivirus to use
509274,What is life at sea like
509695,How can I stop my night cravings for food
509697,What are some examples of a terrible trailer for a great film
509798,What is the best way to know God
510599,What is the best way to sell painted art in China
510641,What are some good science magazines
510858,What is the best mic to record vocals
510965,Why do some vegans feel the need to talk about being vegan when no one asked or brought it up
510975,What are some safe ways to runaway from home
511090,What are the best ways to freeze pasta sauce at home
511104,I cant get angry Why
511171,Why are some people always pessimistic
511206,What makes you travel
511254,What is the difference between a foreign language and a second language
511260,Whats the next big thing in digital
511263,What do I need to make a website
511270,How do I create my own website from scratch
511477,Why a Hindu boy cant marry a muslim girl in India
511742,What are the Virat Kohlis ODI records broken by Hashim Amla
511860,How do I study history efficiently for the IAS
511882,How can Khan Academy be improved
512001,Which are the best bike road trips in India and why
512242,Why are Swiss watches so expensive
512290,What is a stator
512360,What does Richard Muller think of human colonization on Mars
513202,What are some logical fallacies that have been used in the presidential debates
513306,What is the best to do list app
513378,Which is better preparing for UPSC or the GATE
513592,Do you believe in soulmates and twin flames
513745,Can a nonTargaryen ride a dragon
513974,Is licking vagina always dangerous
514006,I dont know what I am good at What should I do
514077,How do German ShepherdHusky puppies look like
514101,How can I know that my girlfriend is cheating on me
514183,How do I get rid of constant fatigue
514429,What are the negative effects of drinking alcohol
514474,What is your opinion on the German refugee crisis
514487,Is ISRO better than NASA
514761,When were cotton fibres first used
514947,Which is more crucial to the success of a startup the idea or the execution
514987,Did the early US presidents write their own speeches If so when did this practice stop
515080,How can I overcome loneliness and depression
515431,WhWhat is material dispersion in fiber optic
515558,Why is Trivandrum continuing to be the capital of Kerala when its inconvenient for people living towards the north of the state
515621,Do we exist some place or in some form prior to birth
516314,Whats your most embarrassing moment in front of the whole class
516412,From where we can get best decorators for my events in Hyderabad
516423,Will anything completely replace Facebook
516457,How would you describe the nitrogen cycle
516489,What are some trampoline exercises
516670,What can I do to become a Communications Engineer at NASA
516993,I have started to hate myself What should I do
517085,Do India girls watch porn video
517338,Will keep in iPhone plugged in harm battwry
517508,How does one become an actor in the Telugu Film Industry
517547,What career advice would you give to someone who wants to become a commercial lender
517627,What are the white blood cells that produce antibodies
517799,Is there a proper way to comment a code
518241,Do fishes fart
518260,What are some examples of value
518395,Why is it hard nowadays to find true love
518410,What do you think is the safest way to travel
518434,What are the methods to connect an encoder to LabVIEW
518493,Why are people obsessed with their phones
518761,How can we implement Machine Learning
518765,After watching Castle Im compelled to watch similar moviesTV series with the orgasmic romance it had What should I watch guys
518777,Why doesnt Quora vet questions like Stack Overflow
518938,What do the real essence of human life signify
519085,Why is Jamshedpur known as Pittsburgh of India What is its relevance as a city
519420,What is comparative politics and how to study the same for upsc optional political science and international relations
519757,Why is suicide illegal
519776,Could the Hubble see Apollo debris if we aimed it at the moon
519825,What are the cons of the TPP
519911,What is the difference between coincidence and luck
520346,Why would the owl chosen as the mascot of Duolingo
520348,Which are the must visit places in Pune for a foodie
520375,Is India in bidding to host the 2024 Olympics games
520489,What does the determinant of a Jacobian describe
520578,What is the average penis size in india
520642,Could a solar cell be used as a normal diode
520694,How is the growth at TCS
520895,I am applying for an F1 visa My passport expires in June 2016 Will that be an issue
520939,How do I know that I have a child
520991,What is the need for business articulation
521153,What is the best option after an ME
521182,Where can I get high quality service for ant control in Bronte
521198,How can I prepare for the IAS with a MBBS
521319,Can taking a whey protein shake after workouts and before bed increase natural HGH production and why
521338,Why do I get so scared when I think about what happens after death
521592,How do I give best orgasm to a girl
522315,What is the best way to make cheese dip with cheese slices
522392,Will Pakistan stop terrorism How
522606,Why should one have friends
522689,What will happen to the black money accumulated henceforth
522891,What exactly is the Rhodes Scholarship
522992,What are some of the most popular Herbalife shake flavors
523183,How can we empower other people
523290,Northeast India What are some interesting thing about Manipur
523388,How do I connect with Bill Gates
523441,Is there a great MOOC course to learn English
523736,How can I identify a pyramid scheme company
523749,What is the difference projectile and relative motion using the vector components
523760,What are some examples of traditional clothing worn in El Salvador
523772,What scenes are copied from Bollywood to Hollywood movies
523867,What are reactants in photosynthesis
523941,What will it take for Jake Williams to show Quora what he looks like
524137,How many devices can use Hulu Plus at once
524353,Whats the first step to make if you want to change your life What are the must do things in this case
524494,What are the best new camping tools that most people dont know about
524667,How do I apply for a business permit license
524738,How do I make email account
524821,Why is history from a personal account trustworthy
524942,What is the extreme and crucial difference between cosmology astronomy and astrophysics
524980,What does David Bowies gesture on the cover of the album Heroes mean
524999,Is air considered a fluid
525139,How much money is required to start trading stocks
525152,What are the most beautiful english love songs
525409,Can Amazon sell something at more than the printed MRP India
525563,What are the criteria for gaining citizenship in the Netherlands Does an international student need to know Dutch in order to attend a university in the Netherlands
525682,What will be the future of mental health treatment
525698,What do people do in heaven
525723,How is vaseline the same as petroleum jelly How do they differ
525863,India Whats preventing India from being a superpower
525902,Which are the best small business marketing strategies to grow your business smartly
525974,What does toe jam cheese taste like
526630,What is a molecular compound What are some examples
526846,What is the best way to memorize strong acids and bases
526881,Where can I find an angel investor in India
526926,What is yoga all about
526996,How can I become a good songwriter
527522,How can I make my dad to quit smoking
527543,How is the density of an aluminum metal determined
527587,What are the best gadgets to have
528157,How can you get AIDS
528309,How do tattoos work
528328,How can I grow in spiritual awareness
528451,How can we speak English
528497,Whats the cheapest way to get from Mountain View to San Francisco International Airport
528566,Why cant people jjust think
528741,How should I invest my free time
528846,How does Bauer compare to CCM Skates
529030,How does a pilot land in the event of total electrical failure
529418,What are haploid cells and what are some examples
529567,What are the names of other solar systems found
529589,How do I start your own country
529647,What is the future of EU after Brexit
529664,Parents do you really love your children If yes would you still if they committed atrocious crimes
529938,How can I make myself interested in reading book
529963,What is the best way to let go of things and move on
529977,Which is better PS3 or Xbox 360
530185,What are the least popular Olympic sports
530790,What would happen if I say that Im an atheist in your country
530820,What are some things I should know in life
530921,How did military tactics work during the Seven Years War and Napoleonic Wars
530949,Why do I feel sleepy while studying
531034,How do I become an entreprenuer
531177,Can you survive a shot in the head
531285,What is the salary of a professor in KIIT
531584,What are monocot plants and what are some examples of them
531717,Who is Dave Consiglio
531871,What is a typical day for Software engineer at Google India
532033,Should I prefer the iPad mini 2 or another tablet
532048,What is the best question and answer platform
532064,How do Facebook victims sue for loss of earnings
532210,What are some good video repair tools
532215,How is Brijmohan Agrawal working as a fishery minister in Chhattisgarh
532267,What is the difference between a dream and a fantasy
532508,What is the importance of liberal arts education
532557,How are green cheek conures and sun conures alike
532682,What are the differences between being moral and being ethical
533284,Which is the good coaching institute in Mumbai for Civil Service Exam preparation
533286,What is your favorite legendary Pokémon and why
533329,Would Reliance Jio 4G data packs be cheaper than other telecom operators forever
533455,How do I get Facebook likes fast
533574,Whats the average ethnic composition of a Sicilian
533590,Do women want bigger penis
533673,How difficult is to get job in computer vision after having Masters in Computer Vision from well known institute like CMU
533805,How do LCD and LED monitors work
533826,What are the differences and similarites between rock salt and sea salt
534403,Which is the best book to understand human nature
534612,Why didnt Eiffel Tower light up in Bangladeshi Flag color after the terrorist attack on Bangladesh
534840,Which are some good novels
535273,Is there anything like Netflix where I can find every Big Bang Theory episode
535491,How can I promote myself on social media
535506,Can bilateral polycystic ovaries happen postnatally
535622,How do I get rid of my stage fear
535839,My best friend cried when I told her how I felt She then rejected me so I asked for time to think Should I wait till she tries to contact me
536078,Why is Super Smash Brothers Melee still such a popular game
536145,Which are some of your favorite Mammooty films and why
536183,If you could change one thing about human nature what would it be
536238,When is Bangalore  Namma metro till JP nagar to be operational I need to commute daily for work from baiyappanahalli to JP nagar
536328,Why do we yawn when we are sleepy
536474,How can I change my life as a 22 years old girl in a positive way
537013,What is it like becoming a congressman
537159,How can I rank my website at top with best SEO Company in India
537230,How do I keep conversation flowing
537329,How do you make instrumentals
537374,How will be MEO Class 4 exam
537736,How I can remove my hesitation
537788,Why are transition metals used as catalysts
537790,What are the most interesting books on the side of atheism
